Verein;Name;Transfermarkt-ID;Wikidata;Hat Bild;Hauptbild;Fotograf;Lizenz;Namensnennung nötig;Lizenz-Link;Bild-URL;Commons-Kategorie;Dateien in Kategorie;Link
1. FC Köln;Marvin Schwäbe;160929;Q3296081;ja;2017083215403 2017-03-24 Fussball U21 Deutschland vs England - Sven - 1D X - 1034 - DV3P7360 mod - Marvin Schwäbe.jpg;Sven Mandel;CC BY-SA 4.0;ja;https://creativecommons.org/licenses/by-sa/4.0;https://upload.wikimedia.org/wikipedia/commons/7/74/2017083215403_2017-03-24_Fussball_U21_Deutschland_vs_England_-_Sven_-_1D_X_-_1034_-_DV3P7360_mod_-_Marvin_Schw%C3%A4be.jpg?utm_source=commons.wikimedia.org&utm_campaign=imageinfo&utm_content=original;Marvin Schwäbe;18;https://commons.wikimedia.org/wiki/Category:Marvin_Schw%C3%A4be
1. FC Köln;Ron-Robert Zieler;21327;Q155049;ja;Ron-Robert Zieler 2011 Germany.jpg;Илья Хохлов/Ilya Khokhlov/Ilja Chochłow;CC BY-SA 3.0;ja;https://creativecommons.org/licenses/by-sa/3.0;https://upload.wikimedia.org/wikipedia/commons/2/24/Ron-Robert_Zieler_2011_Germany.jpg?utm_source=commons.wikimedia.org&utm_campaign=imageinfo&utm_content=original;Ron-Robert Zieler;15;https://commons.wikimedia.org/wiki/Category:Ron-Robert_Zieler
1. FC Köln;Matthias Köbbing;227089;Q135393299;nein;;;;;;;;;
1. FC Köln;Martin James;1077676;Q137369319;nein;;;;;;;;;
1. FC Köln;Jahmai Simpson-Pusey;942497;Q130740691;nein;;;;;;;;;
1. FC Köln;Rav van den Berg;640556;Q106704187;nein;;;;;;;;;
1. FC Köln;Joël Schmied;322517;Q100349887;nein;;;;;;;;;
1. FC Köln;Luka Lochoshvili;345189;Q31355135;ja;FC Red Bull Salzburg gegen Wolfsberger AC (2022-02-20) 26 (cropped).jpg;Werner100359;CC BY-SA 4.0;ja;https://creativecommons.org/licenses/by-sa/4.0;https://upload.wikimedia.org/wikipedia/commons/d/dd/FC_Red_Bull_Salzburg_gegen_Wolfsberger_AC_%282022-02-20%29_26_%28cropped%29.jpg?utm_source=commons.wikimedia.org&utm_campaign=imageinfo&utm_content=original;Luka Lotschoschwili;6;https://commons.wikimedia.org/wiki/Category:Luka_Lotschoschwili
1. FC Köln;Timo Hübers;236981;Q51846167;ja;2021-08-08 FC Carl Zeiss Jena gegen 1. FC Köln (DFB-Pokal) by Sandro Halank–290.jpg;Sandro Halank, Wikimedia Commons;CC BY-SA 4.0;ja;https://creativecommons.org/licenses/by-sa/4.0;https://upload.wikimedia.org/wikipedia/commons/0/0b/2021-08-08_FC_Carl_Zeiss_Jena_gegen_1._FC_K%C3%B6ln_%28DFB-Pokal%29_by_Sandro_Halank%E2%80%93290.jpg?utm_source=commons.wikimedia.org&utm_campaign=imageinfo&utm_content=original;Timo Hübers;11;https://commons.wikimedia.org/wiki/Category:Timo_H%C3%BCbers
1. FC Köln;Gideon Mensah;397171;Q25939340;ja;Gideon Mensah England v Ghana 23 June 2026-011.jpg;Bryan Berlin;CC BY-SA 4.0;ja;https://creativecommons.org/licenses/by-sa/4.0;https://upload.wikimedia.org/wikipedia/commons/a/a1/Gideon_Mensah_England_v_Ghana_23_June_2026-011.jpg?utm_source=commons.wikimedia.org&utm_campaign=imageinfo&utm_content=original;Gideon Mensah;;https://commons.wikimedia.org/wiki/Category:Gideon_Mensah
1. FC Köln;Borna Sosa;293194;Q20093885;ja;Borna sosa.jpg;Jeollo von VfB-exklusiv.de;CC BY 3.0;ja;https://creativecommons.org/licenses/by/3.0;https://upload.wikimedia.org/wikipedia/commons/1/1a/Borna_sosa.jpg?utm_source=commons.wikimedia.org&utm_campaign=imageinfo&utm_content=original;Borna Sosa;9;https://commons.wikimedia.org/wiki/Category:Borna_Sosa
1. FC Köln;Sebastian Sebulonsen;592387;Q97137124;ja;Sebulonsen (2022).jpg;3point.dk;CC BY 3.0;ja;https://creativecommons.org/licenses/by/3.0;https://upload.wikimedia.org/wikipedia/commons/3/3a/Sebulonsen_%282022%29.jpg?utm_source=commons.wikimedia.org&utm_campaign=imageinfo&utm_content=original;Sebastian Sebulonsen;1;https://commons.wikimedia.org/wiki/Category:Sebastian_Sebulonsen
1. FC Köln;Alessio Castro-Montes;340166;Q42303279;ja;Eupen-rupel boom 2.jpg;KAS Eupen fan;CC BY-SA 4.0;ja;https://creativecommons.org/licenses/by-sa/4.0;https://upload.wikimedia.org/wikipedia/commons/a/ab/Eupen-rupel_boom_2.jpg?utm_source=commons.wikimedia.org&utm_campaign=imageinfo&utm_content=original;Alessio Castro-Montes;8;https://commons.wikimedia.org/wiki/Category:Alessio_Castro-Montes
1. FC Köln;Ellyes Skhiri;290587;Q20641500;ja;2021-08-08 FC Carl Zeiss Jena gegen 1. FC Köln (DFB-Pokal) by Sandro Halank–182.jpg;Sandro Halank, Wikimedia Commons;CC BY-SA 4.0;ja;https://creativecommons.org/licenses/by-sa/4.0;https://upload.wikimedia.org/wikipedia/commons/b/b1/2021-08-08_FC_Carl_Zeiss_Jena_gegen_1._FC_K%C3%B6ln_%28DFB-Pokal%29_by_Sandro_Halank%E2%80%93182.jpg?utm_source=commons.wikimedia.org&utm_campaign=imageinfo&utm_content=original;Ellyes Skhiri;22;https://commons.wikimedia.org/wiki/Category:Ellyes_Skhiri
1. FC Köln;Tom Krauß;405687;Q61680475;ja;"2019-07-12 Fußball; Freundschaftsspiel RB Leipzig - FC Zürich 1DX 1042 by Stepro.jpg";Steffen Prößdorf;CC BY-SA 4.0;ja;https://creativecommons.org/licenses/by-sa/4.0;https://upload.wikimedia.org/wikipedia/commons/6/61/2019-07-12_Fu%C3%9Fball%3B_Freundschaftsspiel_RB_Leipzig_-_FC_Z%C3%BCrich_1DX_1042_by_Stepro.jpg?utm_source=commons.wikimedia.org&utm_campaign=imageinfo&utm_content=original;Tom Krauß;3;https://commons.wikimedia.org/wiki/Category:Tom_Krau%C3%9F
1. FC Köln;Paul Okon-Engstler;1064377;Q117000107;ja;Paul Okon-Engstler Australia v USA 19 June 2026-20.jpg;Bryan Berlin;CC BY-SA 4.0;ja;https://creativecommons.org/licenses/by-sa/4.0;https://upload.wikimedia.org/wikipedia/commons/f/fd/Paul_Okon-Engstler_Australia_v_USA_19_June_2026-20.jpg?utm_source=commons.wikimedia.org&utm_campaign=imageinfo&utm_content=original;;;https://commons.wikimedia.org/wiki/File:Paul_Okon-Engstler_Australia_v_USA_19_June_2026-20.jpg
1. FC Köln;Ísak Jóhannesson;579565;Q73404602;nein;;;;;;;;;
1. FC Köln;Gil Neves;1073474;Q134612058;nein;;;;;;;;;
1. FC Köln;Said El Mala;1168219;Q125549770;nein;;;;;;;;;
1. FC Köln;Reigan Heskey;1056437;Q127375659;nein;;;;;;;;;
1. FC Köln;Marius Bülter;116088;Q55979357;nein;;;;;;;;;
1. FC Köln;Mikey Moore;1011147;Q119700600;ja;Mikey Moore with a fan.jpg;Timmy96;CC0;nein;http://creativecommons.org/publicdomain/zero/1.0/deed.en;https://upload.wikimedia.org/wikipedia/commons/2/24/Mikey_Moore_with_a_fan.jpg?utm_source=commons.wikimedia.org&utm_campaign=imageinfo&utm_content=original;;;https://commons.wikimedia.org/wiki/File:Mikey_Moore_with_a_fan.jpg
1. FC Köln;Jan Thielmann;472249;Q78494289;ja;2021-08-08 FC Carl Zeiss Jena gegen 1. FC Köln (DFB-Pokal) by Sandro Halank–178.jpg;Sandro Halank, Wikimedia Commons;CC BY-SA 4.0;ja;https://creativecommons.org/licenses/by-sa/4.0;https://upload.wikimedia.org/wikipedia/commons/8/86/2021-08-08_FC_Carl_Zeiss_Jena_gegen_1._FC_K%C3%B6ln_%28DFB-Pokal%29_by_Sandro_Halank%E2%80%93178.jpg?utm_source=commons.wikimedia.org&utm_campaign=imageinfo&utm_content=original;Jan Thielmann;24;https://commons.wikimedia.org/wiki/Category:Jan_Thielmann
1. FC Köln;Linton Maina;335103;Q50746984;nein;;;;;;;;;
1. FC Köln;Ragnar Ache;416380;Q29441774;ja;2024-03-30-AcheRagnar.jpg;MattesKoeln;CC BY-SA 4.0;ja;https://creativecommons.org/licenses/by-sa/4.0;https://upload.wikimedia.org/wikipedia/commons/e/e4/2024-03-30-AcheRagnar.jpg?utm_source=commons.wikimedia.org&utm_campaign=imageinfo&utm_content=original;Ragnar Ache;4;https://commons.wikimedia.org/wiki/Category:Ragnar_Ache
1. FC Köln;Thijs Dallinga;538964;Q46351665;ja;RC Lens - Toulouse FC (24-09-2023) 38.jpg;Supporterhéninois;CC0;nein;http://creativecommons.org/publicdomain/zero/1.0/deed.en;https://upload.wikimedia.org/wikipedia/commons/0/0a/RC_Lens_-_Toulouse_FC_%2824-09-2023%29_38.jpg?utm_source=commons.wikimedia.org&utm_campaign=imageinfo&utm_content=original;Thijs Dallinga;9;https://commons.wikimedia.org/wiki/Category:Thijs_Dallinga
1. FC Köln;Luca Waldschmidt;196095;Q19831784;ja;WaldschmidtSLB2021.png;Sport Lisboa e Benfica;CC BY 3.0;ja;https://creativecommons.org/licenses/by/3.0;https://upload.wikimedia.org/wikipedia/commons/2/28/WaldschmidtSLB2021.png?utm_source=commons.wikimedia.org&utm_campaign=imageinfo&utm_content=original;Luca Waldschmidt;2;https://commons.wikimedia.org/wiki/Category:Luca_Waldschmidt
1. FC Köln;Imad Rondic;464154;Q100287932;nein;;;;;;;;;
1. FC Köln;Malek El Mala;1168222;Q125723955;nein;;;;;;;;;
1. FC Union Berlin;Frederik Rönnow;107775;Q5499311;ja;FrederikRönnow.jpg;Silesia711;CC BY-SA 4.0;ja;https://creativecommons.org/licenses/by-sa/4.0;https://upload.wikimedia.org/wikipedia/commons/8/80/FrederikR%C3%B6nnow.jpg?utm_source=commons.wikimedia.org&utm_campaign=imageinfo&utm_content=original;Frederik Rønnow;10;https://commons.wikimedia.org/wiki/Category:Frederik_R%C3%B8nnow
1. FC Union Berlin;Matheo Raab;386685;Q104418651;ja;FC RB Salzburg gegen Hamburger SV (Testspiel 2023-07-15) 39.jpg;Werner100359;CC BY-SA 4.0;ja;https://creativecommons.org/licenses/by-sa/4.0;https://upload.wikimedia.org/wikipedia/commons/b/be/FC_RB_Salzburg_gegen_Hamburger_SV_%28Testspiel_2023-07-15%29_39.jpg?utm_source=commons.wikimedia.org&utm_campaign=imageinfo&utm_content=original;Matheo Raab;4;https://commons.wikimedia.org/wiki/Category:Matheo_Raab
1. FC Union Berlin;Carl Klaus;161057;Q20744922;nein;;;;;;;;;
1. FC Union Berlin;Leopold Querfeld;597432;Q100894027;ja;FC Red Bull Salzburg vs. SK Rapid Wien (2022-09-18) 25a (cropped) (cropped).jpg;"Created by Werner100359; cropped Футболло";CC BY-SA 4.0;ja;https://creativecommons.org/licenses/by-sa/4.0;https://upload.wikimedia.org/wikipedia/commons/0/05/FC_Red_Bull_Salzburg_vs._SK_Rapid_Wien_%282022-09-18%29_25a_%28cropped%29_%28cropped%29.jpg?utm_source=commons.wikimedia.org&utm_campaign=imageinfo&utm_content=original;Leopold Querfeld;43;https://commons.wikimedia.org/wiki/Category:Leopold_Querfeld
1. FC Union Berlin;Zeno Van Den Bosch;738774;Q115103823;nein;;;;;;;;;
1. FC Union Berlin;Felix Uduokhai;278343;Q27107103;nein;;;;;;;;;
1. FC Union Berlin;Stanley Nsoki;371141;Q46258476;ja;2019-07-17 SG Dynamo Dresden vs. Paris Saint-Germain by Sandro Halank–097.jpg;Sandro Halank, Wikimedia Commons;CC BY-SA 4.0;ja;https://creativecommons.org/licenses/by-sa/4.0;https://upload.wikimedia.org/wikipedia/commons/2/27/2019-07-17_SG_Dynamo_Dresden_vs._Paris_Saint-Germain_by_Sandro_Halank%E2%80%93097.jpg?utm_source=commons.wikimedia.org&utm_campaign=imageinfo&utm_content=original;Stanley N’Soki;11;https://commons.wikimedia.org/wiki/Category:Stanley_N%E2%80%99Soki
1. FC Union Berlin;Marvin Friedrich;196231;Q18031864;ja;Marvin Friedrich 20150416.jpg;Der  Auslöser;CC BY 2.0;ja;https://creativecommons.org/licenses/by/2.0;https://upload.wikimedia.org/wikipedia/commons/9/98/Marvin_Friedrich_20150416.jpg?utm_source=commons.wikimedia.org&utm_campaign=imageinfo&utm_content=original;Marvin Friedrich;24;https://commons.wikimedia.org/wiki/Category:Marvin_Friedrich
1. FC Union Berlin;Tom Rothe;798043;Q111626301;ja;Holstein-Kiel-Aufstiegsfeier-2024-msu-0186-(Tom-Rothe).jpg;Matthias Süßen;CC BY-SA 4.0;ja;https://creativecommons.org/licenses/by-sa/4.0;https://upload.wikimedia.org/wikipedia/commons/2/2e/Holstein-Kiel-Aufstiegsfeier-2024-msu-0186-%28Tom-Rothe%29.jpg?utm_source=commons.wikimedia.org&utm_campaign=imageinfo&utm_content=original;Tom Rothe;1;https://commons.wikimedia.org/wiki/Category:Tom_Rothe
1. FC Union Berlin;Derrick Köhn;391780;Q70206730;ja;FC Liefering gegen FC Bayern München UDreiundzwanzig 37.jpg;Werner100359;CC BY-SA 4.0;ja;https://creativecommons.org/licenses/by-sa/4.0;https://upload.wikimedia.org/wikipedia/commons/5/5e/FC_Liefering_gegen_FC_Bayern_M%C3%BCnchen_UDreiundzwanzig_37.jpg?utm_source=commons.wikimedia.org&utm_campaign=imageinfo&utm_content=original;Derrick Köhn;11;https://commons.wikimedia.org/wiki/Category:Derrick_K%C3%B6hn
1. FC Union Berlin;Andrik Markgraf;1027870;Q135393237;nein;;;;;;;;;
1. FC Union Berlin;Josip Juranovic;362977;Q19968645;ja;Josip Juranovic 2022.jpg;Igor Kralj/PIXSELL;CC BY 3.0;ja;https://creativecommons.org/licenses/by/3.0;https://upload.wikimedia.org/wikipedia/commons/a/a4/Josip_Juranovic_2022.jpg?utm_source=commons.wikimedia.org&utm_campaign=imageinfo&utm_content=original;Josip Juranović;1;https://commons.wikimedia.org/wiki/Category:Josip_Juranovi%C4%87
1. FC Union Berlin;Christopher Trimmel;75921;Q583000;ja;Christopher Trimmel (33832632510) (cropped).jpg;Textilvergehen from Berlin, Deutschland (DE);CC BY 2.0;ja;https://creativecommons.org/licenses/by/2.0;https://upload.wikimedia.org/wikipedia/commons/7/73/Christopher_Trimmel_%2833832632510%29_%28cropped%29.jpg?utm_source=commons.wikimedia.org&utm_campaign=imageinfo&utm_content=original;Christopher Trimmel;64;https://commons.wikimedia.org/wiki/Category:Christopher_Trimmel
1. FC Union Berlin;Aljoscha Kemlein;692737;Q121720422;ja;Aljoscha Kemlein (2022).jpg;Artur Kraus;CC BY-SA 4.0;ja;https://creativecommons.org/licenses/by-sa/4.0;https://upload.wikimedia.org/wikipedia/commons/9/93/Aljoscha_Kemlein_%282022%29.jpg?utm_source=commons.wikimedia.org&utm_campaign=imageinfo&utm_content=original;Aljoscha Kemlein;1;https://commons.wikimedia.org/wiki/Category:Aljoscha_Kemlein
1. FC Union Berlin;Rani Khedira;124410;Q86312;ja;2022-04-20 Fußball, Männer, DFB-Pokal, RB Leipzig - 1. FC Union Berlin 1DX 8299 by Stepro.jpg;Steffen Prößdorf;CC BY-SA 4.0;ja;https://creativecommons.org/licenses/by-sa/4.0;https://upload.wikimedia.org/wikipedia/commons/b/ba/2022-04-20_Fu%C3%9Fball%2C_M%C3%A4nner%2C_DFB-Pokal%2C_RB_Leipzig_-_1._FC_Union_Berlin_1DX_8299_by_Stepro.jpg?utm_source=commons.wikimedia.org&utm_campaign=imageinfo&utm_content=original;Rani Khedira;11;https://commons.wikimedia.org/wiki/Category:Rani_Khedira
1. FC Union Berlin;András Schäfer;454863;Q56249797;ja;2022-04-20 Fußball, Männer, DFB-Pokal, RB Leipzig - 1. FC Union Berlin 1DX 8289 by Stepro.jpg;Steffen Prößdorf;CC BY-SA 4.0;ja;https://creativecommons.org/licenses/by-sa/4.0;https://upload.wikimedia.org/wikipedia/commons/8/8c/2022-04-20_Fu%C3%9Fball%2C_M%C3%A4nner%2C_DFB-Pokal%2C_RB_Leipzig_-_1._FC_Union_Berlin_1DX_8289_by_Stepro.jpg?utm_source=commons.wikimedia.org&utm_campaign=imageinfo&utm_content=original;András Schäfer;8;https://commons.wikimedia.org/wiki/Category:Andr%C3%A1s_Sch%C3%A4fer
1. FC Union Berlin;Michel Aebischer;237658;Q27469951;nein;;;;;;;;;
1. FC Union Berlin;Janik Haberer;177779;Q1682741;ja;20161011 U21 AUT GER 9305.jpg;Ailura;CC BY-SA 3.0 at;ja;https://creativecommons.org/licenses/by-sa/3.0/at/deed.en;https://upload.wikimedia.org/wikipedia/commons/5/52/20161011_U21_AUT_GER_9305.jpg?utm_source=commons.wikimedia.org&utm_campaign=imageinfo&utm_content=original;Janik Haberer;10;https://commons.wikimedia.org/wiki/Category:Janik_Haberer
1. FC Union Berlin;Robert Skov;270393;Q19973701;ja;Robert Skov, Dinamarca x África do Sul - Olimpíadas Rio 2016 (cropped).jpg;Agência Brasília;CC BY 2.0;ja;https://creativecommons.org/licenses/by/2.0;https://upload.wikimedia.org/wikipedia/commons/c/c3/Robert_Skov%2C_Dinamarca_x_%C3%81frica_do_Sul_-_Olimp%C3%ADadas_Rio_2016_%28cropped%29.jpg?utm_source=commons.wikimedia.org&utm_campaign=imageinfo&utm_content=original;Robert Skov;6;https://commons.wikimedia.org/wiki/Category:Robert_Skov
1. FC Union Berlin;Kastriot Imeri;469957;Q70780296;nein;;;;;;;;;
1. FC Union Berlin;Woo-yeong Jeong;297583;Q36346274;ja;인가 헷갈리는 정우영이 밝히는 이강인과의 호흡.jpg;GOAL TV;CC BY 3.0;ja;https://creativecommons.org/licenses/by/3.0;https://upload.wikimedia.org/wikipedia/commons/2/2e/%EC%9D%B8%EA%B0%80_%ED%97%B7%EA%B0%88%EB%A6%AC%EB%8A%94_%EC%A0%95%EC%9A%B0%EC%98%81%EC%9D%B4_%EB%B0%9D%ED%9E%88%EB%8A%94_%EC%9D%B4%EA%B0%95%EC%9D%B8%EA%B3%BC%EC%9D%98_%ED%98%B8%ED%9D%A1.jpg?utm_source=commons.wikimedia.org&utm_campaign=imageinfo&utm_content=original;Jeong Woo-yeong;7;https://commons.wikimedia.org/wiki/Category:Jeong_Woo-yeong
1. FC Union Berlin;Livan Burcu;519872;Q121243464;nein;;;;;;;;;
1. FC Union Berlin;Linus Güther;1378338;Q139185338;ja;Linus Güther (2025–26).jpg;FriederRöcklerII;CC0;nein;http://creativecommons.org/publicdomain/zero/1.0/deed.en;https://upload.wikimedia.org/wikipedia/commons/2/2a/Linus_G%C3%BCther_%282025%E2%80%9326%29.jpg?utm_source=commons.wikimedia.org&utm_campaign=imageinfo&utm_content=original;;;https://commons.wikimedia.org/wiki/File:Linus_G%C3%BCther_%282025%E2%80%9326%29.jpg
1. FC Union Berlin;Julien Friedrich;1033581;Q140855149;nein;;;;;;;;;
1. FC Union Berlin;Emmanuel Latte Lath;392964;Q27062813;ja;Emmanuel Latte Lath Red Bull Atlanta 5.31.25-068 (cropped).jpg;Bryan Berlin;CC BY-SA 4.0;ja;https://creativecommons.org/licenses/by-sa/4.0;https://upload.wikimedia.org/wikipedia/commons/c/cc/Emmanuel_Latte_Lath_Red_Bull_Atlanta_5.31.25-068_%28cropped%29.jpg?utm_source=commons.wikimedia.org&utm_campaign=imageinfo&utm_content=original;Emmanuel Latte Lath;9;https://commons.wikimedia.org/wiki/Category:Emmanuel_Latte_Lath
1. FC Union Berlin;Andrej Ilic;583699;Q97924313;nein;;;;;;;;;
1. FC Union Berlin;Oliver Burke;341317;Q18125392;ja;Oliver Burke.jpg;Nottingham Forest F.C.;CC0;nein;http://creativecommons.org/publicdomain/zero/1.0/deed.en;https://upload.wikimedia.org/wikipedia/commons/0/0f/Oliver_Burke.jpg?utm_source=commons.wikimedia.org&utm_campaign=imageinfo&utm_content=original;Oliver Burke;1;https://commons.wikimedia.org/wiki/Category:Oliver_Burke
1. FC Union Berlin;Marin Ljubicic;838236;Q106096063;ja;FC Red Bull Salzburg gegen Linzer ASK (2022-10-01) 29 (cropped).jpg;Werner100359;CC BY-SA 4.0;ja;https://creativecommons.org/licenses/by-sa/4.0;https://upload.wikimedia.org/wikipedia/commons/1/18/FC_Red_Bull_Salzburg_gegen_Linzer_ASK_%282022-10-01%29_29_%28cropped%29.jpg?utm_source=commons.wikimedia.org&utm_campaign=imageinfo&utm_content=original;Marin Ljubičić;25;https://commons.wikimedia.org/wiki/Category:Marin_Ljubi%C4%8Di%C4%87
1. FC Union Berlin;Tim Skarke;287920;Q21146090;ja;Skarke, Tim Heidenheim 17-18 WP.jpg;Northside;CC BY-SA 3.0;ja;https://creativecommons.org/licenses/by-sa/3.0;https://upload.wikimedia.org/wikipedia/commons/2/2b/Skarke%2C_Tim_Heidenheim_17-18_WP.jpg?utm_source=commons.wikimedia.org&utm_campaign=imageinfo&utm_content=original;Tim Skarke;1;https://commons.wikimedia.org/wiki/Category:Tim_Skarke
1. FC Union Berlin;Mekhi Gray;1162925;Q140855145;nein;;;;;;;;;
1. FSV Mainz 05;Robin Zentner;160963;Q18027449;ja;2020-09-20 Fußball, Männer, 1. Bundesliga, RB Leipzig - 1. FSV Mainz 05 1DX 1208 by Stepro.jpg;Steffen Prößdorf;CC BY-SA 4.0;ja;https://creativecommons.org/licenses/by-sa/4.0;https://upload.wikimedia.org/wikipedia/commons/6/6b/2020-09-20_Fu%C3%9Fball%2C_M%C3%A4nner%2C_1._Bundesliga%2C_RB_Leipzig_-_1._FSV_Mainz_05_1DX_1208_by_Stepro.jpg?utm_source=commons.wikimedia.org&utm_campaign=imageinfo&utm_content=original;Robin Zentner;7;https://commons.wikimedia.org/wiki/Category:Robin_Zentner
1. FSV Mainz 05;Alexander Schwolow;93763;Q16830322;ja;Alexander Schwolow.jpg;James Steakley;CC BY-SA 4.0;ja;https://creativecommons.org/licenses/by-sa/4.0;https://upload.wikimedia.org/wikipedia/commons/2/27/Alexander_Schwolow.jpg?utm_source=commons.wikimedia.org&utm_campaign=imageinfo&utm_content=original;Alexander Schwolow;2;https://commons.wikimedia.org/wiki/Category:Alexander_Schwolow
1. FSV Mainz 05;Maximilian Kinzig;817521;Q113005378;ja;2022-05-21 VSG Altglienicke gegen FC Viktoria 1889 Berlin (Finale AOK-Landespokal Berlin 2021-22) by Sandro Halank–280 (cropped).jpg;Sandro Halank, Wikimedia Commons;CC BY-SA 4.0;ja;https://creativecommons.org/licenses/by-sa/4.0;https://upload.wikimedia.org/wikipedia/commons/c/c9/2022-05-21_VSG_Altglienicke_gegen_FC_Viktoria_1889_Berlin_%28Finale_AOK-Landespokal_Berlin_2021-22%29_by_Sandro_Halank%E2%80%93280_%28cropped%29.jpg?utm_source=commons.wikimedia.org&utm_campaign=imageinfo&utm_content=original;Maximilian Kinzig;15;https://commons.wikimedia.org/wiki/Category:Maximilian_Kinzig
1. FSV Mainz 05;Kacper Potulski;1073748;Q137111456;nein;;;;;;;;;
1. FSV Mainz 05;Stefan Posch;223974;Q41447930;ja;Austria national under-21 football team - Teamcamp June 2017 (110).jpg;Steindy (talk) 10:41, 30 June 2017 (UTC);CC BY-SA 4.0;ja;https://creativecommons.org/licenses/by-sa/4.0;https://upload.wikimedia.org/wikipedia/commons/a/a6/Austria_national_under-21_football_team_-_Teamcamp_June_2017_%28110%29.jpg?utm_source=commons.wikimedia.org&utm_campaign=imageinfo&utm_content=original;Stefan Posch;15;https://commons.wikimedia.org/wiki/Category:Stefan_Posch
1. FSV Mainz 05;Fabio Gruber;594731;Q123537307;nein;;;;;;;;;
1. FSV Mainz 05;Dominik Kohr;118847;Q444474;ja;Metallist-Bayer-04 (9).jpg;Дмитрий Неймырок;CC BY-SA 3.0;ja;https://creativecommons.org/licenses/by-sa/3.0;https://upload.wikimedia.org/wikipedia/commons/8/8e/Metallist-Bayer-04_%289%29.jpg?utm_source=commons.wikimedia.org&utm_campaign=imageinfo&utm_content=original;Dominik Kohr;2;https://commons.wikimedia.org/wiki/Category:Dominik_Kohr
1. FSV Mainz 05;Danny da Costa;85906;Q481570;ja;DannyDaCosta.jpg;Silesia711;CC BY-SA 4.0;ja;https://creativecommons.org/licenses/by-sa/4.0;https://upload.wikimedia.org/wikipedia/commons/8/8e/DannyDaCosta.jpg?utm_source=commons.wikimedia.org&utm_campaign=imageinfo&utm_content=original;Danny da Costa;52;https://commons.wikimedia.org/wiki/Category:Danny_da_Costa
1. FSV Mainz 05;Stefan Bell;82350;Q263053;ja;Stefan-Bell-2015-07.jpg;Fuguito;CC BY-SA 3.0;ja;https://creativecommons.org/licenses/by-sa/3.0;https://upload.wikimedia.org/wikipedia/commons/1/1e/Stefan-Bell-2015-07.jpg?utm_source=commons.wikimedia.org&utm_campaign=imageinfo&utm_content=original;Stefan Bell;9;https://commons.wikimedia.org/wiki/Category:Stefan_Bell
1. FSV Mainz 05;Phillipp Mwene;127573;Q11634138;ja;Phillipp-mwene.jpg;Thomas Hilmes / https://www.der-betze-brennt.de;CC BY-SA 4.0;ja;https://creativecommons.org/licenses/by-sa/4.0;https://upload.wikimedia.org/wikipedia/commons/b/b2/Phillipp-mwene.jpg?utm_source=commons.wikimedia.org&utm_campaign=imageinfo&utm_content=original;Phillipp Mwene;41;https://commons.wikimedia.org/wiki/Category:Phillipp_Mwene
1. FSV Mainz 05;Rael Nakuzola;1112952;Q141496736;nein;;;;;;;;;
1. FSV Mainz 05;Anthony Caci;453016;Q27735334;nein;;;;;;;;;
1. FSV Mainz 05;Silvan Widmer;168989;Q114386;ja;AUT vs. SUI 2015-11-17 (173) Silvan Widmer.jpg;Steindy (talk) 14:51, 25 November 2015 (UTC);CC BY-SA 3.0;ja;https://creativecommons.org/licenses/by-sa/3.0;https://upload.wikimedia.org/wikipedia/commons/d/dd/AUT_vs._SUI_2015-11-17_%28173%29_Silvan_Widmer.jpg?utm_source=commons.wikimedia.org&utm_campaign=imageinfo&utm_content=original;Silvan Widmer;2;https://commons.wikimedia.org/wiki/Category:Silvan_Widmer
1. FSV Mainz 05;Kaishu Sano;643574;Q65029955;ja;Kaishu Sano 2024 (cropped).jpg;RuinDig/Yuki Uchida;CC BY 4.0;ja;https://creativecommons.org/licenses/by/4.0;https://upload.wikimedia.org/wikipedia/commons/4/49/Kaishu_Sano_2024_%28cropped%29.jpg?utm_source=commons.wikimedia.org&utm_campaign=imageinfo&utm_content=original;Kaishū Sano;5;https://commons.wikimedia.org/wiki/Category:Kaish%C5%AB_Sano
1. FSV Mainz 05;Eric Martel;597000;Q102068288;ja;Eric Martel, FC RB Salzburg gegen FK Austria Wien (8. August 2021) (cropped).jpg;Werner100359;CC0;nein;http://creativecommons.org/publicdomain/zero/1.0/deed.en;https://upload.wikimedia.org/wikipedia/commons/7/7d/Eric_Martel%2C_FC_RB_Salzburg_gegen_FK_Austria_Wien_%288._August_2021%29_%28cropped%29.jpg?utm_source=commons.wikimedia.org&utm_campaign=imageinfo&utm_content=original;Eric Martel;18;https://commons.wikimedia.org/wiki/Category:Eric_Martel
1. FSV Mainz 05;Lennard Maloney;392710;Q51217743;nein;;;;;;;;;
1. FSV Mainz 05;Sota Kawasaki;733371;Q89448881;nein;;;;;;;;;
1. FSV Mainz 05;Nadiem Amiri;232454;Q19274473;ja;Nadiem Amiri Ecuador v Germany 25 June 2026-158.jpg;Bryan Berlin;CC BY-SA 4.0;ja;https://creativecommons.org/licenses/by-sa/4.0;https://upload.wikimedia.org/wikipedia/commons/d/da/Nadiem_Amiri_Ecuador_v_Germany_25_June_2026-158.jpg?utm_source=commons.wikimedia.org&utm_campaign=imageinfo&utm_content=original;Nadiem Amiri;31;https://commons.wikimedia.org/wiki/Category:Nadiem_Amiri
1. FSV Mainz 05;Paul Nebel;503160;Q97344548;ja;Paul Nebel with Mainz 05 (2026).jpg;FriederRöcklerII;CC0;nein;http://creativecommons.org/publicdomain/zero/1.0/deed.en;https://upload.wikimedia.org/wikipedia/commons/e/e7/Paul_Nebel_with_Mainz_05_%282026%29.jpg?utm_source=commons.wikimedia.org&utm_campaign=imageinfo&utm_content=original;Paul Nebel;2;https://commons.wikimedia.org/wiki/Category:Paul_Nebel
1. FSV Mainz 05;Jae-sung Lee;314398;Q16234741;ja;이재성 (축구 선수).jpg;GOAL TV;CC BY 3.0;ja;https://creativecommons.org/licenses/by/3.0;https://upload.wikimedia.org/wikipedia/commons/b/b3/%EC%9D%B4%EC%9E%AC%EC%84%B1_%28%EC%B6%95%EA%B5%AC_%EC%84%A0%EC%88%98%29.jpg?utm_source=commons.wikimedia.org&utm_campaign=imageinfo&utm_content=original;Lee Jae-sung;24;https://commons.wikimedia.org/wiki/Category:Lee_Jae-sung
1. FSV Mainz 05;Otto Ruoppi;901877;Q123240891;nein;;;;;;;;;
1. FSV Mainz 05;Sheraldo Becker;188888;Q16069260;ja;Sheraldo Becker (2018).jpg;Richard Mulder;CC BY-SA 3.0;ja;https://creativecommons.org/licenses/by-sa/3.0;https://upload.wikimedia.org/wikipedia/commons/1/17/Sheraldo_Becker_%282018%29.jpg?utm_source=commons.wikimedia.org&utm_campaign=imageinfo&utm_content=original;Sheraldo Becker;2;https://commons.wikimedia.org/wiki/Category:Sheraldo_Becker
1. FSV Mainz 05;Silas;612826;Q56678276;ja;Silas Katompa Mvumpa.jpg;Jeollo von VfB-exklusiv.de;CC BY 3.0;ja;https://creativecommons.org/licenses/by/3.0;https://upload.wikimedia.org/wikipedia/commons/2/26/Silas_Katompa_Mvumpa.jpg?utm_source=commons.wikimedia.org&utm_campaign=imageinfo&utm_content=original;Silas Katompa Mvumpa;8;https://commons.wikimedia.org/wiki/Category:Silas_Katompa_Mvumpa
1. FSV Mainz 05;Benedict Hollerbach;453870;Q99484682;ja;U19 DFB Perspektivteam, Duisburg-Wedau.jpg;Winfrey;CC BY-SA 4.0;ja;https://creativecommons.org/licenses/by-sa/4.0;https://upload.wikimedia.org/wikipedia/commons/7/7d/U19_DFB_Perspektivteam%2C_Duisburg-Wedau.jpg?utm_source=commons.wikimedia.org&utm_campaign=imageinfo&utm_content=original;Benedict Hollerbach;2;https://commons.wikimedia.org/wiki/Category:Benedict_Hollerbach
1. FSV Mainz 05;Ransford Königsdörffer;470038;Q79800632;ja;2021-05-12 SG Dynamo Dresden gegen Bischofswerdaer FV 08 (Wernesgrüner Sachsenpokal 2020-21) by Sandro Halank–160.jpg;Sandro Halank, Wikimedia Commons;CC BY-SA 4.0;ja;https://creativecommons.org/licenses/by-sa/4.0;https://upload.wikimedia.org/wikipedia/commons/8/84/2021-05-12_SG_Dynamo_Dresden_gegen_Bischofswerdaer_FV_08_%28Wernesgr%C3%BCner_Sachsenpokal_2020-21%29_by_Sandro_Halank%E2%80%93160.jpg?utm_source=commons.wikimedia.org&utm_campaign=imageinfo&utm_content=original;Ransford Königsdörffer;15;https://commons.wikimedia.org/wiki/Category:Ransford_K%C3%B6nigsd%C3%B6rffer
1. FSV Mainz 05;Phillip Tietz;288340;Q23290106;ja;PhillipTietz.jpg;Silesia711;CC BY-SA 4.0;ja;https://creativecommons.org/licenses/by-sa/4.0;https://upload.wikimedia.org/wikipedia/commons/d/dc/PhillipTietz.jpg?utm_source=commons.wikimedia.org&utm_campaign=imageinfo&utm_content=original;Phillip Tietz;2;https://commons.wikimedia.org/wiki/Category:Phillip_Tietz
1. FSV Mainz 05;Alynho Haidara;1392952;Q136540101;nein;;;;;;;;;
Bayer 04 Leverkusen;Mark Flekken;125714;Q5811691;ja;Flekken, Mark Greuther Fürth 15-16 WP (cropped).jpg;Northside;CC BY-SA 3.0;ja;https://creativecommons.org/licenses/by-sa/3.0;https://upload.wikimedia.org/wikipedia/commons/1/17/Flekken%2C_Mark_Greuther_F%C3%BCrth_15-16_WP_%28cropped%29.jpg?utm_source=commons.wikimedia.org&utm_campaign=imageinfo&utm_content=original;Mark Flekken;7;https://commons.wikimedia.org/wiki/Category:Mark_Flekken
Bayer 04 Leverkusen;Janis Blaswich;81173;Q20435757;ja;2022-07-21 Fußball, Männer,Freundschaftsspiel, RB Leipzig - FC Liverpool 1DX 2201 by Stepro.jpg;Steffen Prößdorf;CC BY-SA 4.0;ja;https://creativecommons.org/licenses/by-sa/4.0;https://upload.wikimedia.org/wikipedia/commons/0/0e/2022-07-21_Fu%C3%9Fball%2C_M%C3%A4nner%2CFreundschaftsspiel%2C_RB_Leipzig_-_FC_Liverpool_1DX_2201_by_Stepro.jpg?utm_source=commons.wikimedia.org&utm_campaign=imageinfo&utm_content=original;Janis Blaswich;;https://commons.wikimedia.org/wiki/Category:Janis_Blaswich
Bayer 04 Leverkusen;Niklas Lomb;85543;Q502103;ja;Niklas Lomb, 2022-07-31, Saisoneröffnung Bayer 04, Leverkusen (1).jpg;Pyaet;CC BY-SA 4.0;ja;https://creativecommons.org/licenses/by-sa/4.0;https://upload.wikimedia.org/wikipedia/commons/a/a3/Niklas_Lomb%2C_2022-07-31%2C_Saisoner%C3%B6ffnung_Bayer_04%2C_Leverkusen_%281%29.jpg?utm_source=commons.wikimedia.org&utm_campaign=imageinfo&utm_content=original;Niklas Lomb;2;https://commons.wikimedia.org/wiki/Category:Niklas_Lomb
Bayer 04 Leverkusen;Jarell Quansah;632349;Q112813857;ja;Jarell Quansah England v Panama 27 June 26-046.jpg;Bryan Berlin;CC BY-SA 4.0;ja;https://creativecommons.org/licenses/by-sa/4.0;https://upload.wikimedia.org/wikipedia/commons/a/ae/Jarell_Quansah_England_v_Panama_27_June_26-046.jpg?utm_source=commons.wikimedia.org&utm_campaign=imageinfo&utm_content=original;Jarell Quansah;14;https://commons.wikimedia.org/wiki/Category:Jarell_Quansah
Bayer 04 Leverkusen;Edmond Tapsoba;564545;Q56433997;ja;Edmond Tapsoba, 2022-07-31, Saisoneröffnung Bayer 04, Leverkusen (1) (cropped).jpg;Pyaet;CC BY-SA 4.0;ja;https://creativecommons.org/licenses/by-sa/4.0;https://upload.wikimedia.org/wikipedia/commons/a/aa/Edmond_Tapsoba%2C_2022-07-31%2C_Saisoner%C3%B6ffnung_Bayer_04%2C_Leverkusen_%281%29_%28cropped%29.jpg?utm_source=commons.wikimedia.org&utm_campaign=imageinfo&utm_content=original;Edmond Tapsoba;10;https://commons.wikimedia.org/wiki/Category:Edmond_Tapsoba
Bayer 04 Leverkusen;Loïc Badé;730581;Q81741599;ja;Entraînement RC Lens - 3 juillet 2020 39.jpg;Supporterhéninois;CC0;nein;http://creativecommons.org/publicdomain/zero/1.0/deed.en;https://upload.wikimedia.org/wikipedia/commons/6/67/Entra%C3%AEnement_RC_Lens_-_3_juillet_2020_39.jpg?utm_source=commons.wikimedia.org&utm_campaign=imageinfo&utm_content=original;Loïc Badé;24;https://commons.wikimedia.org/wiki/Category:Lo%C3%AFc_Bad%C3%A9
Bayer 04 Leverkusen;Facundo Medina;474800;Q28056787;ja;Facundo Medina Argentina v Spain 19 July 2026-212 (cropped).jpg;Bryan Berlin;CC BY-SA 4.0;ja;https://creativecommons.org/licenses/by-sa/4.0;https://upload.wikimedia.org/wikipedia/commons/f/ff/Facundo_Medina_Argentina_v_Spain_19_July_2026-212_%28cropped%29.jpg?utm_source=commons.wikimedia.org&utm_campaign=imageinfo&utm_content=original;Facundo Medina;12;https://commons.wikimedia.org/wiki/Category:Facundo_Medina
Bayer 04 Leverkusen;Tim Oermann;696164;Q114035712;nein;;;;;;;;;
Bayer 04 Leverkusen;Miguel Gutiérrez;525299;Q85713553;nein;;;;;;;;;
Bayer 04 Leverkusen;Guéla Doué;711980;Q116605365;ja;Guela Doue Cote D'Ivoire v Ecuador 14 June 2026-22 (cropped).jpg;Bryan Berlin;CC BY-SA 4.0;ja;https://creativecommons.org/licenses/by-sa/4.0;https://upload.wikimedia.org/wikipedia/commons/9/9f/Guela_Doue_Cote_D%27Ivoire_v_Ecuador_14_June_2026-22_%28cropped%29.jpg?utm_source=commons.wikimedia.org&utm_campaign=imageinfo&utm_content=original;Guéla Doué;17;https://commons.wikimedia.org/wiki/Category:Gu%C3%A9la_Dou%C3%A9
Bayer 04 Leverkusen;Lucas Vázquez;221316;Q5981954;ja;Lucas Vázquez.jpg;Антон Зайцев;CC BY-SA 3.0;ja;https://creativecommons.org/licenses/by-sa/3.0;https://upload.wikimedia.org/wikipedia/commons/5/51/Lucas_V%C3%A1zquez.jpg?utm_source=commons.wikimedia.org&utm_campaign=imageinfo&utm_content=original;Lucas Vázquez;36;https://commons.wikimedia.org/wiki/Category:Lucas_V%C3%A1zquez
Bayer 04 Leverkusen;Equi Fernández;664708;Q83750159;ja;Equi-Fernández-2025.jpg;Fuguito;CC BY-SA 4.0;ja;https://creativecommons.org/licenses/by-sa/4.0;https://upload.wikimedia.org/wikipedia/commons/6/63/Equi-Fern%C3%A1ndez-2025.jpg?utm_source=commons.wikimedia.org&utm_campaign=imageinfo&utm_content=original;Ezequiel Fernández (footballer);6;https://commons.wikimedia.org/wiki/Category:Ezequiel_Fern%C3%A1ndez_%28footballer%29
Bayer 04 Leverkusen;Kennet Eichhorn;1214123;Q135686049;nein;;;;;;;;;
Bayer 04 Leverkusen;Robert Andrich;159088;Q19958843;ja;Robert Andrich, 2022-07-31, Saisoneröffnung Bayer 04, Leverkusen (1) (cropped).jpg;Pyaet;CC BY-SA 4.0;ja;https://creativecommons.org/licenses/by-sa/4.0;https://upload.wikimedia.org/wikipedia/commons/9/92/Robert_Andrich%2C_2022-07-31%2C_Saisoner%C3%B6ffnung_Bayer_04%2C_Leverkusen_%281%29_%28cropped%29.jpg?utm_source=commons.wikimedia.org&utm_campaign=imageinfo&utm_content=original;Robert Andrich;3;https://commons.wikimedia.org/wiki/Category:Robert_Andrich
Bayer 04 Leverkusen;Aleix García;261504;Q19968626;ja;Aleix Garcia Serrano SBS Cup 2015 (cropped).jpg;Tam Tam from Shizuoka, JAPAN;CC BY-SA 2.0;ja;https://creativecommons.org/licenses/by-sa/2.0;https://upload.wikimedia.org/wikipedia/commons/8/89/Aleix_Garcia_Serrano_SBS_Cup_2015_%28cropped%29.jpg?utm_source=commons.wikimedia.org&utm_campaign=imageinfo&utm_content=original;Aleix García Serrano;13;https://commons.wikimedia.org/wiki/Category:Aleix_Garc%C3%ADa_Serrano
Bayer 04 Leverkusen;Ibrahim Maza;905011;Q118118504;ja;Ibrahim Maza 27 mars 2026.png;Shawarmael7alouin;CC0;nein;http://creativecommons.org/publicdomain/zero/1.0/deed.en;https://upload.wikimedia.org/wikipedia/commons/3/30/Ibrahim_Maza_27_mars_2026.png?utm_source=commons.wikimedia.org&utm_campaign=imageinfo&utm_content=original;;;https://commons.wikimedia.org/wiki/File:Ibrahim_Maza_27_mars_2026.png
Bayer 04 Leverkusen;Malik Tillman;467437;Q96391665;ja;Malik Tillman Australia v USA 19 June 2026-143 (cropped).jpg;Bryan Berlin;CC BY-SA 4.0;ja;https://creativecommons.org/licenses/by-sa/4.0;https://upload.wikimedia.org/wikipedia/commons/b/ba/Malik_Tillman_Australia_v_USA_19_June_2026-143_%28cropped%29.jpg?utm_source=commons.wikimedia.org&utm_campaign=imageinfo&utm_content=original;Malik Tillman;46;https://commons.wikimedia.org/wiki/Category:Malik_Tillman
Bayer 04 Leverkusen;Jonas Hofmann;7161;Q822781;ja;Jonas Hofmann 2013 in Wilhelmshaven.jpeg;Eastfrisian;CC BY 3.0;ja;https://creativecommons.org/licenses/by/3.0;https://upload.wikimedia.org/wikipedia/commons/b/b6/Jonas_Hofmann_2013_in_Wilhelmshaven.jpeg?utm_source=commons.wikimedia.org&utm_campaign=imageinfo&utm_content=original;Jonas Hofmann;57;https://commons.wikimedia.org/wiki/Category:Jonas_Hofmann
Bayer 04 Leverkusen;Afonso Moreira;952282;Q121423143;nein;;;;;;;;;
Bayer 04 Leverkusen;Eliesse Ben Seghir;810895;Q113506942;ja;Eliesse Ben Seghir vs Niger (cropped) (cropped).jpg;Laloumance;CC BY 4.0;ja;https://creativecommons.org/licenses/by/4.0;https://upload.wikimedia.org/wikipedia/commons/3/33/Eliesse_Ben_Seghir_vs_Niger_%28cropped%29_%28cropped%29.jpg?utm_source=commons.wikimedia.org&utm_campaign=imageinfo&utm_content=original;Eliesse Ben Seghir;5;https://commons.wikimedia.org/wiki/Category:Eliesse_Ben_Seghir
Bayer 04 Leverkusen;Martin Terrier;442891;Q27978968;ja;20191002 Fußball, Männer, UEFA Champions League, RB Leipzig - Olympique Lyonnais by Stepro StP 0291.jpg;Steffen Prößdorf;CC BY-SA 4.0;ja;https://creativecommons.org/licenses/by-sa/4.0;https://upload.wikimedia.org/wikipedia/commons/5/50/20191002_Fu%C3%9Fball%2C_M%C3%A4nner%2C_UEFA_Champions_League%2C_RB_Leipzig_-_Olympique_Lyonnais_by_Stepro_StP_0291.jpg?utm_source=commons.wikimedia.org&utm_campaign=imageinfo&utm_content=original;Martin Terrier;38;https://commons.wikimedia.org/wiki/Category:Martin_Terrier
Bayer 04 Leverkusen;Moussa Diaby;395516;Q51855361;ja;Moussa Diaby, 2022-07-31, Saisoneröffnung Bayer 04, Leverkusen (1).jpg;Pyaet;CC BY-SA 4.0;ja;https://creativecommons.org/licenses/by-sa/4.0;https://upload.wikimedia.org/wikipedia/commons/d/d5/Moussa_Diaby%2C_2022-07-31%2C_Saisoner%C3%B6ffnung_Bayer_04%2C_Leverkusen_%281%29.jpg?utm_source=commons.wikimedia.org&utm_campaign=imageinfo&utm_content=original;Moussa Diaby;9;https://commons.wikimedia.org/wiki/Category:Moussa_Diaby
Bayer 04 Leverkusen;Nathan Tella;340322;Q96464733;ja;Nathan-Tella-2025.jpg;Fuguito;CC BY-SA 4.0;ja;https://creativecommons.org/licenses/by-sa/4.0;https://upload.wikimedia.org/wikipedia/commons/d/d4/Nathan-Tella-2025.jpg?utm_source=commons.wikimedia.org&utm_campaign=imageinfo&utm_content=original;;;https://commons.wikimedia.org/wiki/File:Nathan-Tella-2025.jpg
Bayer 04 Leverkusen;Montrell Culbreath;1058514;Q137507166;nein;;;;;;;;;
Bayer 04 Leverkusen;Christian Kofane;1364454;Q131740042;ja;Christian-Kofane-2025.jpg;Fuguito;CC BY-SA 4.0;ja;https://creativecommons.org/licenses/by-sa/4.0;https://upload.wikimedia.org/wikipedia/commons/9/96/Christian-Kofane-2025.jpg?utm_source=commons.wikimedia.org&utm_campaign=imageinfo&utm_content=original;Christian Kofane;13;https://commons.wikimedia.org/wiki/Category:Christian_Kofane
Bayer 04 Leverkusen;Patrik Schick;242086;Q16910257;ja;Patrik Schick 20180601 AUSCZE 3910 (cropped).jpg;Ailura;CC BY-SA 3.0 at;ja;https://creativecommons.org/licenses/by-sa/3.0/at/deed.en;https://upload.wikimedia.org/wikipedia/commons/f/f0/Patrik_Schick_20180601_AUSCZE_3910_%28cropped%29.jpg?utm_source=commons.wikimedia.org&utm_campaign=imageinfo&utm_content=original;Patrik Schick;21;https://commons.wikimedia.org/wiki/Category:Patrik_Schick
Bayer 04 Leverkusen;Victor Boniface;656681;Q61968862;ja;Boniface Jr.jpg;Yoroudhgd;CC0;nein;http://creativecommons.org/publicdomain/zero/1.0/deed.en;https://upload.wikimedia.org/wikipedia/commons/8/81/Boniface_Jr.jpg?utm_source=commons.wikimedia.org&utm_campaign=imageinfo&utm_content=original;Victor Boniface;4;https://commons.wikimedia.org/wiki/Category:Victor_Boniface
Bayer 04 Leverkusen;Ndjicoura Bomba;1392804;Q136513151;nein;;;;;;;;;
Borussia Dortmund;Gregor Kobel;257814;Q36184031;ja;2023-08-12 TSV Schott Mainz gegen Borussia Dortmund (DFB-Pokal 2023-24) by Sandro Halank–090.jpg;Sandro Halank, Wikimedia Commons;CC BY-SA 4.0;ja;https://creativecommons.org/licenses/by-sa/4.0;https://upload.wikimedia.org/wikipedia/commons/3/30/2023-08-12_TSV_Schott_Mainz_gegen_Borussia_Dortmund_%28DFB-Pokal_2023-24%29_by_Sandro_Halank%E2%80%93090.jpg?utm_source=commons.wikimedia.org&utm_campaign=imageinfo&utm_content=original;Gregor Kobel;23;https://commons.wikimedia.org/wiki/Category:Gregor_Kobel
Borussia Dortmund;Alexander Meyer;76158;Q66005227;ja;2023-08-12 TSV Schott Mainz gegen Borussia Dortmund (DFB-Pokal 2023-24) by Sandro Halank–018.jpg;Sandro Halank, Wikimedia Commons;CC BY-SA 4.0;ja;https://creativecommons.org/licenses/by-sa/4.0;https://upload.wikimedia.org/wikipedia/commons/4/4e/2023-08-12_TSV_Schott_Mainz_gegen_Borussia_Dortmund_%28DFB-Pokal_2023-24%29_by_Sandro_Halank%E2%80%93018.jpg?utm_source=commons.wikimedia.org&utm_campaign=imageinfo&utm_content=original;Alexander Meyer (football player, 1991);8;https://commons.wikimedia.org/wiki/Category:Alexander_Meyer_%28football_player%2C_1991%29
Borussia Dortmund;Patrick Drewes;94192;Q21923379;ja;PatrickDrewes.jpg;Silesia711;CC BY-SA 4.0;ja;https://creativecommons.org/licenses/by-sa/4.0;https://upload.wikimedia.org/wikipedia/commons/f/f1/PatrickDrewes.jpg?utm_source=commons.wikimedia.org&utm_campaign=imageinfo&utm_content=original;Patrick Drewes;1;https://commons.wikimedia.org/wiki/Category:Patrick_Drewes
Borussia Dortmund;Silas Ostrzinski;684116;Q114436146;ja;2022-11-11 Borussia Dortund II gegen FC Erzgebirge Aue (3. Liga 2022-23) by Sandro Halank–091.jpg;Sandro Halank, Wikimedia Commons;CC BY-SA 4.0;ja;https://creativecommons.org/licenses/by-sa/4.0;https://upload.wikimedia.org/wikipedia/commons/7/75/2022-11-11_Borussia_Dortund_II_gegen_FC_Erzgebirge_Aue_%283._Liga_2022-23%29_by_Sandro_Halank%E2%80%93091.jpg?utm_source=commons.wikimedia.org&utm_campaign=imageinfo&utm_content=original;Silas Ostrzinski;5;https://commons.wikimedia.org/wiki/Category:Silas_Ostrzinski
Borussia Dortmund;Nico Schlotterbeck;388198;Q62015814;ja;2023-08-12 TSV Schott Mainz gegen Borussia Dortmund (DFB-Pokal 2023-24) by Sandro Halank–069.jpg;Sandro Halank, Wikimedia Commons;CC BY-SA 4.0;ja;https://creativecommons.org/licenses/by-sa/4.0;https://upload.wikimedia.org/wikipedia/commons/b/ba/2023-08-12_TSV_Schott_Mainz_gegen_Borussia_Dortmund_%28DFB-Pokal_2023-24%29_by_Sandro_Halank%E2%80%93069.jpg?utm_source=commons.wikimedia.org&utm_campaign=imageinfo&utm_content=original;Nico Schlotterbeck;6;https://commons.wikimedia.org/wiki/Category:Nico_Schlotterbeck
Borussia Dortmund;Joane Gadou;1075577;Q118441569;ja;Joane Gadou (cropped).jpg;Werner100359;CC BY-SA 4.0;ja;https://creativecommons.org/licenses/by-sa/4.0;https://upload.wikimedia.org/wikipedia/commons/9/92/Joane_Gadou_%28cropped%29.jpg?utm_source=commons.wikimedia.org&utm_campaign=imageinfo&utm_content=original;Joane Gadou;;https://commons.wikimedia.org/wiki/Category:Joane_Gadou
Borussia Dortmund;Waldemar Anton;193004;Q23559699;ja;Waldemar Anton Ecuador v Germany 25 June 2026-062.jpg;Bryan Berlin;CC BY-SA 4.0;ja;https://creativecommons.org/licenses/by-sa/4.0;https://upload.wikimedia.org/wikipedia/commons/d/d3/Waldemar_Anton_Ecuador_v_Germany_25_June_2026-062.jpg?utm_source=commons.wikimedia.org&utm_campaign=imageinfo&utm_content=original;Waldemar Anton;7;https://commons.wikimedia.org/wiki/Category:Waldemar_Anton
Borussia Dortmund;Luca Reggiani;1074990;Q134546606;nein;;;;;;;;;
Borussia Dortmund;Ramy Bensebaini;284732;Q17484446;ja;Stade rennais vs USM Alger, July 16th 2016 - 25.jpg;S. Plaine;CC BY-SA 4.0;ja;https://creativecommons.org/licenses/by-sa/4.0;https://upload.wikimedia.org/wikipedia/commons/f/f7/Stade_rennais_vs_USM_Alger%2C_July_16th_2016_-_25.jpg?utm_source=commons.wikimedia.org&utm_campaign=imageinfo&utm_content=original;Ramy Bensebaïni;44;https://commons.wikimedia.org/wiki/Category:Ramy_Benseba%C3%AFni
Borussia Dortmund;Emre Can;119296;Q27694;ja;2023-08-12 TSV Schott Mainz gegen Borussia Dortmund (DFB-Pokal 2023-24) by Sandro Halank–148 (cropped).jpg;Sandro Halank, Wikimedia Commons;CC BY-SA 4.0;ja;https://creativecommons.org/licenses/by-sa/4.0;https://upload.wikimedia.org/wikipedia/commons/b/b9/2023-08-12_TSV_Schott_Mainz_gegen_Borussia_Dortmund_%28DFB-Pokal_2023-24%29_by_Sandro_Halank%E2%80%93148_%28cropped%29.jpg?utm_source=commons.wikimedia.org&utm_campaign=imageinfo&utm_content=original;Emre Can (footballer);;https://commons.wikimedia.org/wiki/Category:Emre_Can_%28footballer%29
Borussia Dortmund;Filippo Mane;883007;Q124694195;nein;;;;;;;;;
Borussia Dortmund;Daniel Svensson;579287;Q106967174;ja;Daniel Svensson Nordsjaelland (Testspiel 2023-07-08) 48 (cropped).jpg;Werner100359;CC BY-SA 4.0;ja;https://creativecommons.org/licenses/by-sa/4.0;https://upload.wikimedia.org/wikipedia/commons/b/ba/Daniel_Svensson_Nordsjaelland_%28Testspiel_2023-07-08%29_48_%28cropped%29.jpg?utm_source=commons.wikimedia.org&utm_campaign=imageinfo&utm_content=original;Daniel Svensson (footballer);17;https://commons.wikimedia.org/wiki/Category:Daniel_Svensson_%28footballer%29
Borussia Dortmund;Kauã Prates;1275068;Q134086937;nein;;;;;;;;;
Borussia Dortmund;Julian Ryerson;370789;Q28717698;ja;Julian Ryerson Morocco v Norway 7 June 2026-200 (cropped).jpg;Bryan Berlin;CC BY-SA 4.0;ja;https://creativecommons.org/licenses/by-sa/4.0;https://upload.wikimedia.org/wikipedia/commons/f/fa/Julian_Ryerson_Morocco_v_Norway_7_June_2026-200_%28cropped%29.jpg?utm_source=commons.wikimedia.org&utm_campaign=imageinfo&utm_content=original;Julian Ryerson;45;https://commons.wikimedia.org/wiki/Category:Julian_Ryerson
Borussia Dortmund;Mussa Kaba;1141179;Q137395975;nein;;;;;;;;;
Borussia Dortmund;Felix Nmecha;406640;Q60889488;ja;Felix Nmecha Ecuador v Germany 25 June 2026-150.jpg;Bryan Berlin;CC BY-SA 4.0;ja;https://creativecommons.org/licenses/by-sa/4.0;https://upload.wikimedia.org/wikipedia/commons/2/2d/Felix_Nmecha_Ecuador_v_Germany_25_June_2026-150.jpg?utm_source=commons.wikimedia.org&utm_campaign=imageinfo&utm_content=original;Felix Nmecha;37;https://commons.wikimedia.org/wiki/Category:Felix_Nmecha
Borussia Dortmund;Jobe Bellingham;796297;Q110483835;ja;Jobe Bellingham May 2022.jpg;Struway2;CC BY-SA 4.0;ja;https://creativecommons.org/licenses/by-sa/4.0;https://upload.wikimedia.org/wikipedia/commons/1/14/Jobe_Bellingham_May_2022.jpg?utm_source=commons.wikimedia.org&utm_campaign=imageinfo&utm_content=original;Jobe Bellingham;3;https://commons.wikimedia.org/wiki/Category:Jobe_Bellingham
Borussia Dortmund;Joey Veerman;408574;Q27518278;ja;Joey Veerman sc Heerenveen.png;VVV-Venlo;CC BY 4.0;ja;https://creativecommons.org/licenses/by/4.0;https://upload.wikimedia.org/wikipedia/commons/f/f9/Joey_Veerman_sc_Heerenveen.png?utm_source=commons.wikimedia.org&utm_campaign=imageinfo&utm_content=original;Joey Veerman;6;https://commons.wikimedia.org/wiki/Category:Joey_Veerman
Borussia Dortmund;Carney Chukwuemeka;659459;Q106915801;nein;;;;;;;;;
Borussia Dortmund;Marcel Sabitzer;106987;Q472300;ja;Marcel Sabitzer 2020 (cropped).jpg;Steffen Prößdorf;CC BY-SA 4.0;ja;https://creativecommons.org/licenses/by-sa/4.0;https://upload.wikimedia.org/wikipedia/commons/0/0e/Marcel_Sabitzer_2020_%28cropped%29.jpg?utm_source=commons.wikimedia.org&utm_campaign=imageinfo&utm_content=original;Marcel Sabitzer;;https://commons.wikimedia.org/wiki/Category:Marcel_Sabitzer
Borussia Dortmund;Enzo dos Santos;1311594;Q134722733;nein;;;;;;;;;
Borussia Dortmund;Ethan Nwaneri;890719;Q114027518;ja;Ethan Nwaneri.png;WorldWide1z;CC BY 3.0;ja;https://creativecommons.org/licenses/by/3.0;https://upload.wikimedia.org/wikipedia/commons/c/cd/Ethan_Nwaneri.png?utm_source=commons.wikimedia.org&utm_campaign=imageinfo&utm_content=original;Ethan Nwaneri;2;https://commons.wikimedia.org/wiki/Category:Ethan_Nwaneri
Borussia Dortmund;Konstantinos Karetsas;990148;Q121422699;nein;;;;;;;;;
Borussia Dortmund;Giannis Konstantelias;628331;Q104870781;ja;GAE - PAOK Saloniki - 53032344835 (Giannis Konstantelias).jpg;Carlo Bruil Fotografie;CC BY 2.0;ja;https://creativecommons.org/licenses/by/2.0;https://upload.wikimedia.org/wikipedia/commons/1/19/GAE_-_PAOK_Saloniki_-_53032344835_%28Giannis_Konstantelias%29.jpg?utm_source=commons.wikimedia.org&utm_campaign=imageinfo&utm_content=original;Giannis Konstantelias;3;https://commons.wikimedia.org/wiki/Category:Giannis_Konstantelias
Borussia Dortmund;Justin Lerma;1185507;Q125476516;nein;;;;;;;;;
Borussia Dortmund;Mathis Albert;1193849;Q130316017;nein;;;;;;;;;
Borussia Dortmund;Samuele Inácio;1058359;Q130316575;nein;;;;;;;;;
Borussia Dortmund;Maximilian Beier;578392;Q80314837;ja;Maximilian Beier Ecuador v Germany 25 June 2026-152.jpg;Bryan Berlin;CC BY-SA 4.0;ja;https://creativecommons.org/licenses/by-sa/4.0;https://upload.wikimedia.org/wikipedia/commons/f/fd/Maximilian_Beier_Ecuador_v_Germany_25_June_2026-152.jpg?utm_source=commons.wikimedia.org&utm_campaign=imageinfo&utm_content=original;Maximilian Beier;4;https://commons.wikimedia.org/wiki/Category:Maximilian_Beier
Borussia Dortmund;Serhou Guirassy;270541;Q18637429;ja;Serhou guirassy.jpg;Jeollo von VfB-exklusiv.de;CC BY 4.0;ja;https://creativecommons.org/licenses/by/4.0;https://upload.wikimedia.org/wikipedia/commons/1/15/Serhou_guirassy.jpg?utm_source=commons.wikimedia.org&utm_campaign=imageinfo&utm_content=original;Serhou Guirassy;;https://commons.wikimedia.org/wiki/Category:Serhou_Guirassy
Borussia Dortmund;Fábio Silva;505653;Q66738004;ja;Fabio Silva (cropped).jpg;Bex Walton;CC BY 2.0;ja;https://creativecommons.org/licenses/by/2.0;https://upload.wikimedia.org/wikipedia/commons/d/d4/Fabio_Silva_%28cropped%29.jpg?utm_source=commons.wikimedia.org&utm_campaign=imageinfo&utm_content=original;;;https://commons.wikimedia.org/wiki/File:Fabio_Silva_%28cropped%29.jpg
Borussia Mönchengladbach;Moritz Nicolas;284270;Q57398922;nein;;;;;;;;;
Borussia Mönchengladbach;Jan Olschowsky;455922;Q98168915;nein;;;;;;;;;
Borussia Mönchengladbach;Daniel Batz;90317;Q1160026;nein;;;;;;;;;
Borussia Mönchengladbach;Tobias Sippel;31653;Q720139;ja;Tobias Sippel1112.jpg;Thomas Hilmes / http://www.der-betze-brennt.de;CC BY-SA 3.0;ja;https://creativecommons.org/licenses/by-sa/3.0;https://upload.wikimedia.org/wikipedia/commons/2/2f/Tobias_Sippel1112.jpg?utm_source=commons.wikimedia.org&utm_campaign=imageinfo&utm_content=original;Tobias Sippel;19;https://commons.wikimedia.org/wiki/Category:Tobias_Sippel
Borussia Mönchengladbach;Ko Itakura;355816;Q20038711;ja;Kō Itakura - 板倉堰.jpg;McRonaldo9;CC BY-SA 4.0;ja;https://creativecommons.org/licenses/by-sa/4.0;https://upload.wikimedia.org/wikipedia/commons/1/12/K%C5%8D_Itakura_-_%E6%9D%BF%E5%80%89%E5%A0%B0.jpg?utm_source=commons.wikimedia.org&utm_campaign=imageinfo&utm_content=original;Kō Itakura;12;https://commons.wikimedia.org/wiki/Category:K%C5%8D_Itakura
Borussia Mönchengladbach;Kevin Diks;335209;Q17602824;ja;Kevin Diks, FC København - Aab, 22. May 2022 - FCK spillerne varmer op (cropped).jpg;Thomas Dahlstrøm Nielsen;CC BY-SA 4.0;ja;https://creativecommons.org/licenses/by-sa/4.0;https://upload.wikimedia.org/wikipedia/commons/7/71/Kevin_Diks%2C_FC_K%C3%B8benhavn_-_Aab%2C_22._May_2022_-_FCK_spillerne_varmer_op_%28cropped%29.jpg?utm_source=commons.wikimedia.org&utm_campaign=imageinfo&utm_content=original;Kevin Diks;8;https://commons.wikimedia.org/wiki/Category:Kevin_Diks
Borussia Mönchengladbach;Fabio Chiarodia;724104;Q110043588;nein;;;;;;;;;
Borussia Mönchengladbach;Jan Leszczyński;1118874;Q140466945;nein;;;;;;;;;
Borussia Mönchengladbach;Lukas Ullrich;787151;Q118108336;nein;;;;;;;;;
Borussia Mönchengladbach;David Herold;604358;Q116766165;ja;David Herold (2023-03-19) 72 (cropped).jpg;Werner100359;CC BY-SA 4.0;ja;https://creativecommons.org/licenses/by-sa/4.0;https://upload.wikimedia.org/wikipedia/commons/3/38/David_Herold_%282023-03-19%29_72_%28cropped%29.jpg?utm_source=commons.wikimedia.org&utm_campaign=imageinfo&utm_content=original;David Herold (footballer);10;https://commons.wikimedia.org/wiki/Category:David_Herold_%28footballer%29
Borussia Mönchengladbach;Joe Scally;504153;Q54861644;ja;Joe Scally Australia v USA 19 June 2026-68 (cropped).jpg;Bryan Berlin;CC BY-SA 4.0;ja;https://creativecommons.org/licenses/by-sa/4.0;https://upload.wikimedia.org/wikipedia/commons/3/37/Joe_Scally_Australia_v_USA_19_June_2026-68_%28cropped%29.jpg?utm_source=commons.wikimedia.org&utm_campaign=imageinfo&utm_content=original;Joe Scally;18;https://commons.wikimedia.org/wiki/Category:Joe_Scally
Borussia Mönchengladbach;Yukhym Konoplya;467250;Q64031854;ja;Юхим Конопля. 11 вересня 2020.jpg;Dynamomania.com;CC BY-SA 4.0;ja;https://creativecommons.org/licenses/by-sa/4.0;https://upload.wikimedia.org/wikipedia/commons/b/b4/%D0%AE%D1%85%D0%B8%D0%BC_%D0%9A%D0%BE%D0%BD%D0%BE%D0%BF%D0%BB%D1%8F._11_%D0%B2%D0%B5%D1%80%D0%B5%D1%81%D0%BD%D1%8F_2020.jpg?utm_source=commons.wikimedia.org&utm_campaign=imageinfo&utm_content=original;Yukhym Konoplya;21;https://commons.wikimedia.org/wiki/Category:Yukhym_Konoplya
Borussia Mönchengladbach;Daiki Hashioka;387191;Q39117170;ja;Daiki Hashioka 27022024.jpg;Pinkd56;CC0;nein;http://creativecommons.org/publicdomain/zero/1.0/deed.en;https://upload.wikimedia.org/wikipedia/commons/2/28/Daiki_Hashioka_27022024.jpg?utm_source=commons.wikimedia.org&utm_campaign=imageinfo&utm_content=original;Daiki Hashioka;1;https://commons.wikimedia.org/wiki/Category:Daiki_Hashioka
Borussia Mönchengladbach;Philipp Sander;388409;Q57579312;nein;;;;;;;;;
Borussia Mönchengladbach;Zento Uno;957526;Q110403334;nein;;;;;;;;;
Borussia Mönchengladbach;Jens Castrop;613192;Q98829565;nein;;;;;;;;;
Borussia Mönchengladbach;Enzo Leopold;383362;Q111955261;nein;;;;;;;;;
Borussia Mönchengladbach;Florian Neuhaus;278332;Q27651401;ja;Florian Neuhaus Champions for Charity 2022 (cropped).jpg;Sven Mandel;CC BY-SA 4.0;ja;https://creativecommons.org/licenses/by-sa/4.0;https://upload.wikimedia.org/wikipedia/commons/a/ad/Florian_Neuhaus_Champions_for_Charity_2022_%28cropped%29.jpg?utm_source=commons.wikimedia.org&utm_campaign=imageinfo&utm_content=original;Florian Neuhaus;41;https://commons.wikimedia.org/wiki/Category:Florian_Neuhaus
Borussia Mönchengladbach;Mathieu Nguefack;1070980;Q141321232;nein;;;;;;;;;
Borussia Mönchengladbach;Wael Mohya;1070979;Q135879349;nein;;;;;;;;;
Borussia Mönchengladbach;Kevin Stöger;106872;Q86523;ja;Kevin-Stöger-08-2019.jpg;Fuguito;CC BY-SA 4.0;ja;https://creativecommons.org/licenses/by-sa/4.0;https://upload.wikimedia.org/wikipedia/commons/5/56/Kevin-St%C3%B6ger-08-2019.jpg?utm_source=commons.wikimedia.org&utm_campaign=imageinfo&utm_content=original;Kevin Stöger;21;https://commons.wikimedia.org/wiki/Category:Kevin_St%C3%B6ger
Borussia Mönchengladbach;Fritz Fleck;1067439;Q141321234;nein;;;;;;;;;
Borussia Mönchengladbach;Robin Hack;284010;Q41487752;nein;;;;;;;;;
Borussia Mönchengladbach;Hugo Bolin;667251;Q118151312;ja;Hugo Bolin.jpg;Amanda Aikioniemi;Public domain;nein;;https://upload.wikimedia.org/wikipedia/commons/3/3d/Hugo_Bolin.jpg?utm_source=commons.wikimedia.org&utm_campaign=imageinfo&utm_content=original;Hugo Bolin;2;https://commons.wikimedia.org/wiki/Category:Hugo_Bolin
Borussia Mönchengladbach;Nicolas Kühn;336012;Q50822050;ja;Celtic-20240722-068 (cropped).jpg;Hameltion;CC BY-SA 4.0;ja;https://creativecommons.org/licenses/by-sa/4.0;https://upload.wikimedia.org/wikipedia/commons/c/c3/Celtic-20240722-068_%28cropped%29.jpg?utm_source=commons.wikimedia.org&utm_campaign=imageinfo&utm_content=original;Nicolas Kühn;22;https://commons.wikimedia.org/wiki/Category:Nicolas_K%C3%BChn
Borussia Mönchengladbach;Franck Honorat;229006;Q15146137;ja;RC Lens - Clermont Foot 63 (04-05-2019) 55.jpg;Supporterhéninois;CC0;nein;http://creativecommons.org/publicdomain/zero/1.0/deed.en;https://upload.wikimedia.org/wikipedia/commons/e/ea/RC_Lens_-_Clermont_Foot_63_%2804-05-2019%29_55.jpg?utm_source=commons.wikimedia.org&utm_campaign=imageinfo&utm_content=original;Franck Honorat;4;https://commons.wikimedia.org/wiki/Category:Franck_Honorat
Borussia Mönchengladbach;Tim Kleindienst;193033;Q15627096;ja;Kleindienst, Tim Heidenheim 16-17 (3) WP.jpg;Northside;CC BY-SA 3.0;ja;https://creativecommons.org/licenses/by-sa/3.0;https://upload.wikimedia.org/wikipedia/commons/5/52/Kleindienst%2C_Tim_Heidenheim_16-17_%283%29_WP.jpg?utm_source=commons.wikimedia.org&utm_campaign=imageinfo&utm_content=original;Tim Kleindienst;3;https://commons.wikimedia.org/wiki/Category:Tim_Kleindienst
Borussia Mönchengladbach;Isac Lidberg;322073;Q21860037;ja;Isac Lidberg - Go Ahead Eagles - FC Volendam - 52914784076 (2023).jpg;Carlo Bruil Fotografie;CC BY 2.0;ja;https://creativecommons.org/licenses/by/2.0;https://upload.wikimedia.org/wikipedia/commons/d/d5/Isac_Lidberg_-_Go_Ahead_Eagles_-_FC_Volendam_-_52914784076_%282023%29.jpg?utm_source=commons.wikimedia.org&utm_campaign=imageinfo&utm_content=original;Isac Lidberg;64;https://commons.wikimedia.org/wiki/Category:Isac_Lidberg
Borussia Mönchengladbach;Shuto Machino;550580;Q47582288;ja;Shūto Machino 20221208.jpg;内閣官房内閣広報室;CC BY 4.0;ja;https://creativecommons.org/licenses/by/4.0;https://upload.wikimedia.org/wikipedia/commons/f/f7/Sh%C5%ABto_Machino_20221208.jpg?utm_source=commons.wikimedia.org&utm_campaign=imageinfo&utm_content=original;Shūto Machino;10;https://commons.wikimedia.org/wiki/Category:Sh%C5%ABto_Machino
Borussia Mönchengladbach;Iaia Manco Danfa;1211929;Q141321235;nein;;;;;;;;;
Eintracht Frankfurt;Noah Atubolu;526845;Q107723576;ja;Noah Atubolu.jpg;James Steakley;CC BY 4.0;ja;https://creativecommons.org/licenses/by/4.0;https://upload.wikimedia.org/wikipedia/commons/1/19/Noah_Atubolu.jpg?utm_source=commons.wikimedia.org&utm_campaign=imageinfo&utm_content=original;;;https://commons.wikimedia.org/wiki/File:Noah_Atubolu.jpg
Eintracht Frankfurt;Kauã Santos;997861;Q124249434;nein;;;;;;;;;
Eintracht Frankfurt;Amil Siljevic;1079622;Q136296091;nein;;;;;;;;;
Eintracht Frankfurt;Jens Grahl;40034;Q15285035;ja;Jens grahl.jpg;Jeollo von http://www.vfb-exklusiv.de;CC BY-SA 3.0;ja;https://creativecommons.org/licenses/by-sa/3.0;https://upload.wikimedia.org/wikipedia/commons/e/ef/Jens_grahl.jpg?utm_source=commons.wikimedia.org&utm_campaign=imageinfo&utm_content=original;Jens Grahl;10;https://commons.wikimedia.org/wiki/Category:Jens_Grahl
Eintracht Frankfurt;Nnamdi Collins;684315;Q106367360;nein;;;;;;;;;
Eintracht Frankfurt;Lilian Brassier;485960;Q66095792;ja;Brassier asse om 2425.png;Paté kroute;CC0;nein;http://creativecommons.org/publicdomain/zero/1.0/deed.en;https://upload.wikimedia.org/wikipedia/commons/3/39/Brassier_asse_om_2425.png?utm_source=commons.wikimedia.org&utm_campaign=imageinfo&utm_content=original;Lilian Brassier;4;https://commons.wikimedia.org/wiki/Category:Lilian_Brassier
Eintracht Frankfurt;Robin Koch;328784;Q27077869;nein;;;;;;;;;
Eintracht Frankfurt;Otávio;1094885;Q137970448;nein;;;;;;;;;
Eintracht Frankfurt;Jeremiaha Maluze;1022523;Q141217815;nein;;;;;;;;;
Eintracht Frankfurt;Keita Kosugi;1146988;Q125044295;nein;;;;;;;;;
Eintracht Frankfurt;Elias Baum;744857;Q123390886;ja;Elias Baum (SV Elversberg) 2024-10-26 (01).jpg;Simon Mannweiler;CC BY-SA 4.0;ja;https://creativecommons.org/licenses/by-sa/4.0;https://upload.wikimedia.org/wikipedia/commons/8/8a/Elias_Baum_%28SV_Elversberg%29_2024-10-26_%2801%29.jpg?utm_source=commons.wikimedia.org&utm_campaign=imageinfo&utm_content=original;;;https://commons.wikimedia.org/wiki/File:Elias_Baum_%28SV_Elversberg%29_2024-10-26_%2801%29.jpg
Eintracht Frankfurt;Timothy Chandler;49723;Q65297;ja;2022128151252 2022-05-08 Fussball Eintracht Frankfurt vs Borussia Mönchengladbach - Sven - 1D X MK II - 0380 - B70I6491 (Timothy Chandler cropped).jpg;Sven Mandel;CC BY-SA 4.0;ja;https://creativecommons.org/licenses/by-sa/4.0;https://upload.wikimedia.org/wikipedia/commons/9/9f/2022128151252_2022-05-08_Fussball_Eintracht_Frankfurt_vs_Borussia_M%C3%B6nchengladbach_-_Sven_-_1D_X_MK_II_-_0380_-_B70I6491_%28Timothy_Chandler_cropped%29.jpg?utm_source=commons.wikimedia.org&utm_campaign=imageinfo&utm_content=original;Timothy Chandler;87;https://commons.wikimedia.org/wiki/Category:Timothy_Chandler
Eintracht Frankfurt;Raphael Onyedika;699783;Q107985602;ja;0K8A7853 (53451306071) (cropped).jpg;Fédération Guinéenne Football;Public domain;nein;;https://upload.wikimedia.org/wikipedia/commons/a/a9/0K8A7853_%2853451306071%29_%28cropped%29.jpg?utm_source=commons.wikimedia.org&utm_campaign=imageinfo&utm_content=original;Raphael Onyedika;11;https://commons.wikimedia.org/wiki/Category:Raphael_Onyedika
Eintracht Frankfurt;Noël Aséko;904974;Q112570858;nein;;;;;;;;;
Eintracht Frankfurt;Oscar Højlund;846310;Q120804891;ja;Oscar Højlund, Vejle Boldklub - FC København, 29. July 2023 (cropped).jpg;Thomas Dahlstrøm Nielsen;CC BY-SA 4.0;ja;https://creativecommons.org/licenses/by-sa/4.0;https://upload.wikimedia.org/wikipedia/commons/8/8a/Oscar_H%C3%B8jlund%2C_Vejle_Boldklub_-_FC_K%C3%B8benhavn%2C_29._July_2023_%28cropped%29.jpg?utm_source=commons.wikimedia.org&utm_campaign=imageinfo&utm_content=original;;;https://commons.wikimedia.org/wiki/File:Oscar_H%C3%B8jlund%2C_Vejle_Boldklub_-_FC_K%C3%B8benhavn%2C_29._July_2023_%28cropped%29.jpg
Eintracht Frankfurt;Can Uzun;816585;Q118799181;nein;;;;;;;;;
Eintracht Frankfurt;Farès Chaïbi;855015;Q113474248;ja;World Cup Qualification Africa Guinea v Algeria 14 (Farès Chaïbi).jpg;feguifoot;Public domain;nein;;https://upload.wikimedia.org/wikipedia/commons/f/ff/World_Cup_Qualification_Africa_Guinea_v_Algeria_14_%28Far%C3%A8s_Cha%C3%AFbi%29.jpg?utm_source=commons.wikimedia.org&utm_campaign=imageinfo&utm_content=original;;;https://commons.wikimedia.org/wiki/File:World_Cup_Qualification_Africa_Guinea_v_Algeria_14_%28Far%C3%A8s_Cha%C3%AFbi%29.jpg
Eintracht Frankfurt;Love Arrhov;1184986;Q134271451;nein;;;;;;;;;
Eintracht Frankfurt;Mario Götze;74842;Q104454;ja;Mario Götze, Germany national football team (07).jpg;Steindy (talk) 19:34, 27 June 2011 (UTC);CC BY-SA 3.0;ja;https://creativecommons.org/licenses/by-sa/3.0;https://upload.wikimedia.org/wikipedia/commons/a/a0/Mario_G%C3%B6tze%2C_Germany_national_football_team_%2807%29.jpg?utm_source=commons.wikimedia.org&utm_campaign=imageinfo&utm_content=original;Mario Götze;54;https://commons.wikimedia.org/wiki/Category:Mario_G%C3%B6tze
Eintracht Frankfurt;Ritsu Doan;358504;Q20630956;ja;Ritsu Doan 20191301 (cropped).jpg;El Loko Foto;CC BY 4.0;ja;https://creativecommons.org/licenses/by/4.0;https://upload.wikimedia.org/wikipedia/commons/6/6b/Ritsu_Doan_20191301_%28cropped%29.jpg?utm_source=commons.wikimedia.org&utm_campaign=imageinfo&utm_content=original;Ritsu Doan;30;https://commons.wikimedia.org/wiki/Category:Ritsu_Doan
Eintracht Frankfurt;Ansgar Knauff;429874;Q104035264;ja;2022128173650 2022-05-08 Fussball Eintracht Frankfurt vs Borussia Mönchengladbach - Sven - 1D X MK II - 0682 - AK8I7417 (Ansgar Knauff cropped).jpg;Sven Mandel;CC BY-SA 4.0;ja;https://creativecommons.org/licenses/by-sa/4.0;https://upload.wikimedia.org/wikipedia/commons/e/ed/2022128173650_2022-05-08_Fussball_Eintracht_Frankfurt_vs_Borussia_M%C3%B6nchengladbach_-_Sven_-_1D_X_MK_II_-_0682_-_AK8I7417_%28Ansgar_Knauff_cropped%29.jpg?utm_source=commons.wikimedia.org&utm_campaign=imageinfo&utm_content=original;Ansgar Knauff;21;https://commons.wikimedia.org/wiki/Category:Ansgar_Knauff
Eintracht Frankfurt;Ayoube Amaimouni-Echghouyab;799993;Q137705019;nein;;;;;;;;;
Eintracht Frankfurt;Jonathan Burkardt;333647;Q56635612;nein;;;;;;;;;
Eintracht Frankfurt;Younes Ebnoutalib;692368;Q136388604;nein;;;;;;;;;
Eintracht Frankfurt;Malik Pimpong;1259986;Q140435636;nein;;;;;;;;;
Eintracht Frankfurt;Jessic Ngankam;448177;Q94579243;ja;Jessic Ngankam.jpg;Biso;CC BY 4.0;ja;https://creativecommons.org/licenses/by/4.0;https://upload.wikimedia.org/wikipedia/commons/c/c7/Jessic_Ngankam.jpg?utm_source=commons.wikimedia.org&utm_campaign=imageinfo&utm_content=original;Jessic Ngankam;2;https://commons.wikimedia.org/wiki/Category:Jessic_Ngankam
FC Augsburg;Finn Dahmen;251299;Q57581259;nein;;;;;;;;;
FC Augsburg;Nediljko Labrovic;610190;Q99482523;nein;;;;;;;;;
FC Augsburg;Tom Wisbereit;954082;Q140855090;nein;;;;;;;;;
FC Augsburg;Chrislain Matsima;569383;Q74048217;ja;RB Salzburg gegen AS Monaco (Testspiel, 3. Juli 2021) 52 (cropped).jpg;Werner100359;CC BY-SA 4.0;ja;https://creativecommons.org/licenses/by-sa/4.0;https://upload.wikimedia.org/wikipedia/commons/8/81/RB_Salzburg_gegen_AS_Monaco_%28Testspiel%2C_3._Juli_2021%29_52_%28cropped%29.jpg?utm_source=commons.wikimedia.org&utm_campaign=imageinfo&utm_content=original;Chrislain Matsima;5;https://commons.wikimedia.org/wiki/Category:Chrislain_Matsima
FC Augsburg;Noahkai Banks;923945;Q131320803;ja;Noahkai Banks (September 9, 2025).jpg;Keiteay;CC BY 4.0;ja;https://creativecommons.org/licenses/by/4.0;https://upload.wikimedia.org/wikipedia/commons/0/0e/Noahkai_Banks_%28September_9%2C_2025%29.jpg?utm_source=commons.wikimedia.org&utm_campaign=imageinfo&utm_content=original;;;https://commons.wikimedia.org/wiki/File:Noahkai_Banks_%28September_9%2C_2025%29.jpg
FC Augsburg;Juma Bah;1121298;Q130457678;ja;Bah rcl asse 2425.png;Paté kroute;CC0;nein;http://creativecommons.org/publicdomain/zero/1.0/deed.en;https://upload.wikimedia.org/wikipedia/commons/a/a8/Bah_rcl_asse_2425.png?utm_source=commons.wikimedia.org&utm_campaign=imageinfo&utm_content=original;Juma Bah;1;https://commons.wikimedia.org/wiki/Category:Juma_Bah
FC Augsburg;Calvin Brackelmann;358766;Q114406918;nein;;;;;;;;;
FC Augsburg;Jeffrey Gouweleeuw;106405;Q2062157;nein;;;;;;;;;
FC Augsburg;Hennes Behrens;829838;Q131987115;ja;;;;;;;Hennes Behrens;1;https://commons.wikimedia.org/wiki/Category:Hennes_Behrens
FC Augsburg;Young-woo Seol;639414;Q97205258;ja;(추꾸미) '울산 합류' 설영우.jpg;OSEN SPORTS;CC BY 3.0;ja;https://creativecommons.org/licenses/by/3.0;https://upload.wikimedia.org/wikipedia/commons/6/66/%28%EC%B6%94%EA%BE%B8%EB%AF%B8%29_%27%EC%9A%B8%EC%82%B0_%ED%95%A9%EB%A5%98%27_%EC%84%A4%EC%98%81%EC%9A%B0.jpg?utm_source=commons.wikimedia.org&utm_campaign=imageinfo&utm_content=original;Seol Young-woo;2;https://commons.wikimedia.org/wiki/Category:Seol_Young-woo
FC Augsburg;Marius Wolf;193900;Q18342471;ja;PreMatchWolf.jpg;Lukas Mengeler;CC BY-SA 4.0;ja;https://creativecommons.org/licenses/by-sa/4.0;https://upload.wikimedia.org/wikipedia/commons/2/2b/PreMatchWolf.jpg?utm_source=commons.wikimedia.org&utm_campaign=imageinfo&utm_content=original;Marius Wolf;8;https://commons.wikimedia.org/wiki/Category:Marius_Wolf
FC Augsburg;Robin Fellhauer;264960;Q115620045;ja;Robin Fellhauer (2024-10-05) 01.jpg;Simon Mannweiler;CC BY-SA 4.0;ja;https://creativecommons.org/licenses/by-sa/4.0;https://upload.wikimedia.org/wikipedia/commons/5/56/Robin_Fellhauer_%282024-10-05%29_01.jpg?utm_source=commons.wikimedia.org&utm_campaign=imageinfo&utm_content=original;Robin Fellhauer;4;https://commons.wikimedia.org/wiki/Category:Robin_Fellhauer
FC Augsburg;Yannik Keitel;342039;Q86740704;nein;;;;;;;;;
FC Augsburg;Tim Breithaupt;569457;Q104630389;nein;;;;;;;;;
FC Augsburg;Tim Schnitzer;1162968;Q140550716;nein;;;;;;;;;
FC Augsburg;Han-Noah Massengo;536508;Q58313463;ja;Massengo aja asse 2425.png;Paté kroute;CC0;nein;http://creativecommons.org/publicdomain/zero/1.0/deed.en;https://upload.wikimedia.org/wikipedia/commons/b/be/Massengo_aja_asse_2425.png?utm_source=commons.wikimedia.org&utm_campaign=imageinfo&utm_content=original;Han-Noah Massengo;2;https://commons.wikimedia.org/wiki/Category:Han-Noah_Massengo
FC Augsburg;Sima Suso;928265;Q124258214;ja;Sima-Suso-2025.jpg;Fuguito;CC BY-SA 4.0;ja;https://creativecommons.org/licenses/by-sa/4.0;https://upload.wikimedia.org/wikipedia/commons/a/a9/Sima-Suso-2025.jpg?utm_source=commons.wikimedia.org&utm_campaign=imageinfo&utm_content=original;;;https://commons.wikimedia.org/wiki/File:Sima-Suso-2025.jpg
FC Augsburg;Alexis Claude-Maurice;384593;Q35537374;ja;RC Lens - FC Lorient (23-04-2019) 26.jpg;Supporterhéninois;CC0;nein;http://creativecommons.org/publicdomain/zero/1.0/deed.en;https://upload.wikimedia.org/wikipedia/commons/5/52/RC_Lens_-_FC_Lorient_%2823-04-2019%29_26.jpg?utm_source=commons.wikimedia.org&utm_campaign=imageinfo&utm_content=original;Alexis Claude-Maurice;7;https://commons.wikimedia.org/wiki/Category:Alexis_Claude-Maurice
FC Augsburg;Mert Kömür;777005;Q125472882;nein;;;;;;;;;
FC Augsburg;Fabian Rieder;507341;Q101033685;nein;;;;;;;;;
FC Augsburg;Anton Kade;654234;Q110978698;nein;;;;;;;;;
FC Augsburg;Arijon Ibrahimovic;744728;Q114288689;nein;;;;;;;;;
FC Augsburg;Faik Sakar;1132292;Q131401860;nein;;;;;;;;;
FC Augsburg;Rodrigo Ribeiro;726701;Q111173636;nein;;;;;;;;;
FC Augsburg;Uchenna Ogundu;1309324;Q133849194;nein;;;;;;;;;
FC Augsburg;Michael Gregoritsch;120205;Q699094;ja;Michael Gregoritsch U21 Austria vs. Albania 2014-03-05 01.jpg;Please report references to kulacgmx.at.;CC BY-SA 3.0;ja;https://creativecommons.org/licenses/by-sa/3.0;https://upload.wikimedia.org/wikipedia/commons/a/a9/Michael_Gregoritsch_U21_Austria_vs._Albania_2014-03-05_01.jpg?utm_source=commons.wikimedia.org&utm_campaign=imageinfo&utm_content=original;Michael Gregoritsch;;https://commons.wikimedia.org/wiki/Category:Michael_Gregoritsch
FC Augsburg;Steve Mounié;238639;Q21064219;ja;Mounié Juillet 2015.jpg;34 super héros;CC BY-SA 4.0;ja;https://creativecommons.org/licenses/by-sa/4.0;https://upload.wikimedia.org/wikipedia/commons/a/af/Mouni%C3%A9_Juillet_2015.jpg?utm_source=commons.wikimedia.org&utm_campaign=imageinfo&utm_content=original;Steve Mounié;1;https://commons.wikimedia.org/wiki/Category:Steve_Mouni%C3%A9
FC Bayern München;Jonas Urbig;607720;Q116752839;ja;FC RB Salzburg gegen FC Bayern München (2026-01-06 Testspiel) 14.jpg;Werner100359;CC BY-SA 4.0;ja;https://creativecommons.org/licenses/by-sa/4.0;https://upload.wikimedia.org/wikipedia/commons/5/55/FC_RB_Salzburg_gegen_FC_Bayern_M%C3%BCnchen_%282026-01-06_Testspiel%29_14.jpg?utm_source=commons.wikimedia.org&utm_campaign=imageinfo&utm_content=original;;;https://commons.wikimedia.org/wiki/File:FC_RB_Salzburg_gegen_FC_Bayern_M%C3%BCnchen_%282026-01-06_Testspiel%29_14.jpg
FC Bayern München;Manuel Neuer;17259;Q107365;ja;Manuel Neuer Ecuador v Germany 25 June 2026-148.jpg;Bryan Berlin;CC BY-SA 4.0;ja;https://creativecommons.org/licenses/by-sa/4.0;https://upload.wikimedia.org/wikipedia/commons/b/b9/Manuel_Neuer_Ecuador_v_Germany_25_June_2026-148.jpg?utm_source=commons.wikimedia.org&utm_campaign=imageinfo&utm_content=original;Manuel Neuer;21;https://commons.wikimedia.org/wiki/Category:Manuel_Neuer
FC Bayern München;Sven Ulreich;40680;Q60340;ja;2019147183738 2019-05-27 Fussball 1.FC Kaiserslautern vs FC Bayern München - Sven - 1D X MK II - 0363 - B70I8662 (cropped).jpg;Sven Mandel;CC BY-SA 4.0;ja;https://creativecommons.org/licenses/by-sa/4.0;https://upload.wikimedia.org/wikipedia/commons/8/84/2019147183738_2019-05-27_Fussball_1.FC_Kaiserslautern_vs_FC_Bayern_M%C3%BCnchen_-_Sven_-_1D_X_MK_II_-_0363_-_B70I8662_%28cropped%29.jpg?utm_source=commons.wikimedia.org&utm_campaign=imageinfo&utm_content=original;Sven Ulreich;64;https://commons.wikimedia.org/wiki/Category:Sven_Ulreich
FC Bayern München;Dayot Upamecano;344695;Q20723878;ja;Dayot Upamecano France v Senegal 16 June 2026-402 (cropped).jpg;Bryan Berlin;CC BY-SA 4.0;ja;https://creativecommons.org/licenses/by-sa/4.0;https://upload.wikimedia.org/wikipedia/commons/c/ca/Dayot_Upamecano_France_v_Senegal_16_June_2026-402_%28cropped%29.jpg?utm_source=commons.wikimedia.org&utm_campaign=imageinfo&utm_content=original;Dayot Upamecano;;https://commons.wikimedia.org/wiki/Category:Dayot_Upamecano
FC Bayern München;Jonathan Tah;196357;Q14640027;ja;Jonathan Tah Ecuador v Germany 25 June 2026-116.jpg;Bryan Berlin;CC BY-SA 4.0;ja;https://creativecommons.org/licenses/by-sa/4.0;https://upload.wikimedia.org/wikipedia/commons/4/4f/Jonathan_Tah_Ecuador_v_Germany_25_June_2026-116.jpg?utm_source=commons.wikimedia.org&utm_campaign=imageinfo&utm_content=original;Jonathan Tah;39;https://commons.wikimedia.org/wiki/Category:Jonathan_Tah
FC Bayern München;Min-jae Kim;503482;Q28699707;ja;FC Red Bull Salzburg gegen Bayern München (2025-01-06 Testspiel) 26.jpg;Werner100359;CC BY-SA 4.0;ja;https://creativecommons.org/licenses/by-sa/4.0;https://upload.wikimedia.org/wikipedia/commons/8/80/FC_Red_Bull_Salzburg_gegen_Bayern_M%C3%BCnchen_%282025-01-06_Testspiel%29_26.jpg?utm_source=commons.wikimedia.org&utm_campaign=imageinfo&utm_content=original;Kim Min-jae (footballer);3;https://commons.wikimedia.org/wiki/Category:Kim_Min-jae_%28footballer%29
FC Bayern München;Hiroki Ito;353892;Q30933054;ja;Hiroki Ito VfB Stuttgart.jpg;Jeollo von VfB-exklusiv.de;CC BY 3.0;ja;https://creativecommons.org/licenses/by/3.0;https://upload.wikimedia.org/wikipedia/commons/9/93/Hiroki_Ito_VfB_Stuttgart.jpg?utm_source=commons.wikimedia.org&utm_campaign=imageinfo&utm_content=original;Hiroki Ito (footballer, born 1999);14;https://commons.wikimedia.org/wiki/Category:Hiroki_Ito_%28footballer%2C_born_1999%29
FC Bayern München;Nathaniel Brown;691892;Q122351097;ja;Nathaniel Brown Ecuador v Germany 25 June 2026-160.jpg;Bryan Berlin;CC BY-SA 4.0;ja;https://creativecommons.org/licenses/by-sa/4.0;https://upload.wikimedia.org/wikipedia/commons/0/0e/Nathaniel_Brown_Ecuador_v_Germany_25_June_2026-160.jpg?utm_source=commons.wikimedia.org&utm_campaign=imageinfo&utm_content=original;Nathaniel Brown (Fußballspieler);;https://commons.wikimedia.org/wiki/Category:Nathaniel_Brown_%28Fu%C3%9Fballspieler%29
FC Bayern München;Alphonso Davies;424204;Q23540953;ja;Alphonso Davies Canada v Qatar 18 June 2026-007 (cropped).jpg;Bryan Berlin;CC BY-SA 4.0;ja;https://creativecommons.org/licenses/by-sa/4.0;https://upload.wikimedia.org/wikipedia/commons/2/27/Alphonso_Davies_Canada_v_Qatar_18_June_2026-007_%28cropped%29.jpg?utm_source=commons.wikimedia.org&utm_campaign=imageinfo&utm_content=original;Alphonso Davies;11;https://commons.wikimedia.org/wiki/Category:Alphonso_Davies
FC Bayern München;Josip Stanisic;483046;Q65950201;ja;Josip Stanisic Croatia v Portugal 2 July 2026-022.jpg;Bryan Berlin;CC BY-SA 4.0;ja;https://creativecommons.org/licenses/by-sa/4.0;https://upload.wikimedia.org/wikipedia/commons/8/84/Josip_Stanisic_Croatia_v_Portugal_2_July_2026-022.jpg?utm_source=commons.wikimedia.org&utm_campaign=imageinfo&utm_content=original;Josip Stanišić;13;https://commons.wikimedia.org/wiki/Category:Josip_Stani%C5%A1i%C4%87
FC Bayern München;Konrad Laimer;223967;Q18670270;ja;2022-07-21 Fußball, Männer,Freundschaftsspiel, RB Leipzig - FC Liverpool 1DX 2137 by Stepro (cropped).jpg;Steffen Prößdorf;CC BY-SA 4.0;ja;https://creativecommons.org/licenses/by-sa/4.0;https://upload.wikimedia.org/wikipedia/commons/3/3d/2022-07-21_Fu%C3%9Fball%2C_M%C3%A4nner%2CFreundschaftsspiel%2C_RB_Leipzig_-_FC_Liverpool_1DX_2137_by_Stepro_%28cropped%29.jpg?utm_source=commons.wikimedia.org&utm_campaign=imageinfo&utm_content=original;Konrad Laimer;;https://commons.wikimedia.org/wiki/Category:Konrad_Laimer
FC Bayern München;Sacha Boey;475413;Q63699748;ja;Lens - Dijon (21-02-2021) 28.jpg;Supporterhéninois;CC0;nein;http://creativecommons.org/publicdomain/zero/1.0/deed.en;https://upload.wikimedia.org/wikipedia/commons/8/8c/Lens_-_Dijon_%2821-02-2021%29_28.jpg?utm_source=commons.wikimedia.org&utm_campaign=imageinfo&utm_content=original;Sacha Boey;2;https://commons.wikimedia.org/wiki/Category:Sacha_Boey
FC Bayern München;Aleksandar Pavlovic;792380;Q121068701;ja;Aleksandar Pavlovic Ecuador v Germany 25 June 2026-036.jpg;Bryan Berlin;CC BY-SA 4.0;ja;https://creativecommons.org/licenses/by-sa/4.0;https://upload.wikimedia.org/wikipedia/commons/e/ed/Aleksandar_Pavlovic_Ecuador_v_Germany_25_June_2026-036.jpg?utm_source=commons.wikimedia.org&utm_campaign=imageinfo&utm_content=original;Aleksandar Pavlović;24;https://commons.wikimedia.org/wiki/Category:Aleksandar_Pavlovi%C4%87
FC Bayern München;Joshua Kimmich;161056;Q13865408;ja;Joshua Kimmich Ecuador v Germany 25 June 2026-149.jpg;Bryan Berlin;CC BY-SA 4.0;ja;https://creativecommons.org/licenses/by-sa/4.0;https://upload.wikimedia.org/wikipedia/commons/5/5d/Joshua_Kimmich_Ecuador_v_Germany_25_June_2026-149.jpg?utm_source=commons.wikimedia.org&utm_campaign=imageinfo&utm_content=original;Joshua Kimmich;55;https://commons.wikimedia.org/wiki/Category:Joshua_Kimmich
FC Bayern München;Tom Bischof;822959;Q111308591;ja;;;;;;;Tom Bischof;5;https://commons.wikimedia.org/wiki/Category:Tom_Bischof
FC Bayern München;Bara Sapoko Ndiaye;1497653;Q137733792;ja;Bara Ndiaye France v Senegal 16 June 2026-229 (cropped).jpg;Bryan Berlin;CC BY-SA 4.0;ja;https://creativecommons.org/licenses/by-sa/4.0;https://upload.wikimedia.org/wikipedia/commons/4/41/Bara_Ndiaye_France_v_Senegal_16_June_2026-229_%28cropped%29.jpg?utm_source=commons.wikimedia.org&utm_campaign=imageinfo&utm_content=original;;;https://commons.wikimedia.org/wiki/File:Bara_Ndiaye_France_v_Senegal_16_June_2026-229_%28cropped%29.jpg
FC Bayern München;Jamal Musiala;580195;Q96072055;ja;Jamal Musiala Ecuador v Germany 25 June 2026-174 (cropped).jpg;Bryan Berlin;CC BY-SA 4.0;ja;https://creativecommons.org/licenses/by-sa/4.0;https://upload.wikimedia.org/wikipedia/commons/4/44/Jamal_Musiala_Ecuador_v_Germany_25_June_2026-174_%28cropped%29.jpg?utm_source=commons.wikimedia.org&utm_campaign=imageinfo&utm_content=original;Jamal Musiala;27;https://commons.wikimedia.org/wiki/Category:Jamal_Musiala
FC Bayern München;Lennart Karl;1075147;Q130776450;nein;;;;;;;;;
FC Bayern München;Ismael Saibari;702869;Q98784065;ja;Ismael Saibari Brazil V Morocco 13 June 2026-152.jpg;Bryan Berlin;CC BY-SA 4.0;ja;https://creativecommons.org/licenses/by-sa/4.0;https://upload.wikimedia.org/wikipedia/commons/4/46/Ismael_Saibari_Brazil_V_Morocco_13_June_2026-152.jpg?utm_source=commons.wikimedia.org&utm_campaign=imageinfo&utm_content=original;Ismael Saibari;39;https://commons.wikimedia.org/wiki/Category:Ismael_Saibari
FC Bayern München;Luis Díaz;480692;Q28531111;ja;FC RB Salzburg gegen FC Bayern München (2026-01-06 Testspiel) 40 (Luiz Díaz).jpg;Werner100359;CC BY-SA 4.0;ja;https://creativecommons.org/licenses/by-sa/4.0;https://upload.wikimedia.org/wikipedia/commons/c/c7/FC_RB_Salzburg_gegen_FC_Bayern_M%C3%BCnchen_%282026-01-06_Testspiel%29_40_%28Luiz_D%C3%ADaz%29.jpg?utm_source=commons.wikimedia.org&utm_campaign=imageinfo&utm_content=original;Luis Díaz (Colombian footballer);41;https://commons.wikimedia.org/wiki/Category:Luis_D%C3%ADaz_%28Colombian_footballer%29
FC Bayern München;Michael Olise;566723;Q62050484;ja;Michael Olise France v Senegal 16 June 2026-307 (cropped).jpg;Bryan Berlin;CC BY-SA 4.0;ja;https://creativecommons.org/licenses/by-sa/4.0;https://upload.wikimedia.org/wikipedia/commons/0/04/Michael_Olise_France_v_Senegal_16_June_2026-307_%28cropped%29.jpg?utm_source=commons.wikimedia.org&utm_campaign=imageinfo&utm_content=original;Michael Olise;2;https://commons.wikimedia.org/wiki/Category:Michael_Olise
FC Bayern München;Serge Gnabry;159471;Q59490;ja;2019-06-11 Fußball, Männer, Länderspiel, Deutschland-Estland StP 2075 LR10 by Stepro.jpg;Steffen Prößdorf;CC BY-SA 4.0;ja;https://creativecommons.org/licenses/by-sa/4.0;https://upload.wikimedia.org/wikipedia/commons/5/54/2019-06-11_Fu%C3%9Fball%2C_M%C3%A4nner%2C_L%C3%A4nderspiel%2C_Deutschland-Estland_StP_2075_LR10_by_Stepro.jpg?utm_source=commons.wikimedia.org&utm_campaign=imageinfo&utm_content=original;Serge Gnabry;42;https://commons.wikimedia.org/wiki/Category:Serge_Gnabry
FC Bayern München;Harry Kane;132098;Q969725;ja;Harry Kane England v Ghana 23 June 2026-219 (cropped).jpg;Bryan Berlin;CC BY-SA 4.0;ja;https://creativecommons.org/licenses/by-sa/4.0;https://upload.wikimedia.org/wikipedia/commons/a/a3/Harry_Kane_England_v_Ghana_23_June_2026-219_%28cropped%29.jpg?utm_source=commons.wikimedia.org&utm_campaign=imageinfo&utm_content=original;Harry Kane;7;https://commons.wikimedia.org/wiki/Category:Harry_Kane
FC Schalke 04;Loris Karius;85864;Q339252;ja;Loris Karius.jpg;Антон Зайцев;CC BY-SA 3.0;ja;https://creativecommons.org/licenses/by-sa/3.0;https://upload.wikimedia.org/wikipedia/commons/4/4c/Loris_Karius.jpg?utm_source=commons.wikimedia.org&utm_campaign=imageinfo&utm_content=original;Loris Karius;16;https://commons.wikimedia.org/wiki/Category:Loris_Karius
FC Schalke 04;Kevin Müller;43824;Q1740225;ja;Müller, Kevin Heidenheim 16-17 WP.jpg;Northside;CC BY-SA 3.0;ja;https://creativecommons.org/licenses/by-sa/3.0;https://upload.wikimedia.org/wikipedia/commons/6/67/M%C3%BCller%2C_Kevin_Heidenheim_16-17_WP.jpg?utm_source=commons.wikimedia.org&utm_campaign=imageinfo&utm_content=original;Kevin Müller;8;https://commons.wikimedia.org/wiki/Category:Kevin_M%C3%BCller
FC Schalke 04;Johannes Siebeking;1047294;Q140855125;nein;;;;;;;;;
FC Schalke 04;Mertcan Ayhan;969376;Q135563356;nein;;;;;;;;;
FC Schalke 04;Maximilian Wöber;263361;Q22951388;ja;FC Admira Wacker vs. SK Rapid Wien 2015-12-02 (154).jpg;Steindy (talk) 12:22, 8 December 2015 (UTC);CC BY-SA 3.0;ja;https://creativecommons.org/licenses/by-sa/3.0;https://upload.wikimedia.org/wikipedia/commons/1/14/FC_Admira_Wacker_vs._SK_Rapid_Wien_2015-12-02_%28154%29.jpg?utm_source=commons.wikimedia.org&utm_campaign=imageinfo&utm_content=original;Maximilian Wöber;;https://commons.wikimedia.org/wiki/Category:Maximilian_W%C3%B6ber
FC Schalke 04;Hasan Kuruçay;292812;Q47003664;ja;HasanKurucay.jpg;Silesia711;CC BY-SA 4.0;ja;https://creativecommons.org/licenses/by-sa/4.0;https://upload.wikimedia.org/wikipedia/commons/0/05/HasanKurucay.jpg?utm_source=commons.wikimedia.org&utm_campaign=imageinfo&utm_content=original;Hasan Kuruçay;2;https://commons.wikimedia.org/wiki/Category:Hasan_Kuru%C3%A7ay
FC Schalke 04;Nikola Katic;422051;Q27957334;ja;SM-Rangers18 (16).jpg;Антон Зайцев;CC BY-SA 3.0;ja;https://creativecommons.org/licenses/by-sa/3.0;https://upload.wikimedia.org/wikipedia/commons/8/84/SM-Rangers18_%2816%29.jpg?utm_source=commons.wikimedia.org&utm_campaign=imageinfo&utm_content=original;Nikola Katić;1;https://commons.wikimedia.org/wiki/Category:Nikola_Kati%C4%87
FC Schalke 04;Timo Becker;282349;Q77080530;ja;2025-02-19 Timo Becker 1.jpg;Lanthan2003;CC BY-SA 4.0;ja;https://creativecommons.org/licenses/by-sa/4.0;https://upload.wikimedia.org/wikipedia/commons/6/69/2025-02-19_Timo_Becker_1.jpg?utm_source=commons.wikimedia.org&utm_campaign=imageinfo&utm_content=original;Timo Becker;2;https://commons.wikimedia.org/wiki/Category:Timo_Becker
FC Schalke 04;Robin Gosens;273132;Q15644548;ja;Robin Gosens 01 (cropped).jpg;Ago76;CC BY-SA 4.0;ja;https://creativecommons.org/licenses/by-sa/4.0;https://upload.wikimedia.org/wikipedia/commons/6/6b/Robin_Gosens_01_%28cropped%29.jpg?utm_source=commons.wikimedia.org&utm_campaign=imageinfo&utm_content=original;Robin Gosens;4;https://commons.wikimedia.org/wiki/Category:Robin_Gosens
FC Schalke 04;Vitalie Becker;919703;Q135554272;nein;;;;;;;;;
FC Schalke 04;Adrian Gantenbein;410870;Q113371053;nein;;;;;;;;;
FC Schalke 04;Dejan Ljubicic;287188;Q33131174;ja;Dejan Ljubicic - SC Wiener Neustadt (01).jpg;Steindy (talk) 09:35, 19 May 2018 (UTC);CC BY-SA 4.0;ja;https://creativecommons.org/licenses/by-sa/4.0;https://upload.wikimedia.org/wikipedia/commons/6/6b/Dejan_Ljubicic_-_SC_Wiener_Neustadt_%2801%29.jpg?utm_source=commons.wikimedia.org&utm_campaign=imageinfo&utm_content=original;Dejan Ljubicic;38;https://commons.wikimedia.org/wiki/Category:Dejan_Ljubicic
FC Schalke 04;Ron Schallenberg;332392;Q97344688;nein;;;;;;;;;
FC Schalke 04;Satoshi Tanaka;665618;Q77670479;nein;;;;;;;;;
FC Schalke 04;Luca Vozar;1162413;Q140855128;nein;;;;;;;;;
FC Schalke 04;Soufiane El-Faouzi;697740;Q128523160;nein;;;;;;;;;
FC Schalke 04;Janik Bachmann;327862;Q40785106;ja;JanikBachmann.jpg;Silesia711;CC BY-SA 4.0;ja;https://creativecommons.org/licenses/by-sa/4.0;https://upload.wikimedia.org/wikipedia/commons/d/d8/JanikBachmann.jpg?utm_source=commons.wikimedia.org&utm_campaign=imageinfo&utm_content=original;Janik Bachmann;4;https://commons.wikimedia.org/wiki/Category:Janik_Bachmann
FC Schalke 04;Junior Dina Ebimbe;536482;Q65951999;ja;Lens - Dijon (15-08-2020) 33.jpg;Supporterhéninois;CC0;nein;http://creativecommons.org/publicdomain/zero/1.0/deed.en;https://upload.wikimedia.org/wikipedia/commons/b/bf/Lens_-_Dijon_%2815-08-2020%29_33.jpg?utm_source=commons.wikimedia.org&utm_campaign=imageinfo&utm_content=original;Éric Junior Dina Ebimbe;1;https://commons.wikimedia.org/wiki/Category:%C3%89ric_Junior_Dina_Ebimbe
FC Schalke 04;Finn Porath;241307;Q26212027;ja;FinnPorath.jpg;Silesia711;CC BY-SA 4.0;ja;https://creativecommons.org/licenses/by-sa/4.0;https://upload.wikimedia.org/wikipedia/commons/3/30/FinnPorath.jpg?utm_source=commons.wikimedia.org&utm_campaign=imageinfo&utm_content=original;Finn Porath;3;https://commons.wikimedia.org/wiki/Category:Finn_Porath
FC Schalke 04;Adil Aouchiche;569385;Q63636233;ja;2019-07-17 SG Dynamo Dresden vs. Paris Saint-Germain by Sandro Halank–157 (cropped).jpg;Sandro Halank, Wikimedia Commons;CC BY-SA 4.0;ja;https://creativecommons.org/licenses/by-sa/4.0;https://upload.wikimedia.org/wikipedia/commons/5/54/2019-07-17_SG_Dynamo_Dresden_vs._Paris_Saint-Germain_by_Sandro_Halank%E2%80%93157_%28cropped%29.jpg?utm_source=commons.wikimedia.org&utm_campaign=imageinfo&utm_content=original;Adil Aouchiche;38;https://commons.wikimedia.org/wiki/Category:Adil_Aouchiche
FC Schalke 04;Kenan Karaman;119557;Q15901932;ja;Kenan Karaman.jpg;Антон Зайцев;CC BY-SA 3.0;ja;https://creativecommons.org/licenses/by-sa/3.0;https://upload.wikimedia.org/wikipedia/commons/2/24/Kenan_Karaman.jpg?utm_source=commons.wikimedia.org&utm_campaign=imageinfo&utm_content=original;Kenan Karaman;4;https://commons.wikimedia.org/wiki/Category:Kenan_Karaman
FC Schalke 04;Hee-chan Hwang;292246;Q18551518;ja;240622 황희찬 풋볼 페스티벌.jpg;Explicit;CC BY-SA 4.0;ja;https://creativecommons.org/licenses/by-sa/4.0;https://upload.wikimedia.org/wikipedia/commons/b/be/240622_%ED%99%A9%ED%9D%AC%EC%B0%AC_%ED%92%8B%EB%B3%BC_%ED%8E%98%EC%8A%A4%ED%8B%B0%EB%B2%8C.jpg?utm_source=commons.wikimedia.org&utm_campaign=imageinfo&utm_content=original;Hwang Hee-chan;;https://commons.wikimedia.org/wiki/Category:Hwang_Hee-chan
FC Schalke 04;Moussa Sylla;460655;Q52765781;ja;Francia-usa-60.jpg;Pedro  Semitiel;CC BY 2.0;ja;https://creativecommons.org/licenses/by/2.0;https://upload.wikimedia.org/wikipedia/commons/e/ef/Francia-usa-60.jpg?utm_source=commons.wikimedia.org&utm_campaign=imageinfo&utm_content=original;Moussa Sylla;8;https://commons.wikimedia.org/wiki/Category:Moussa_Sylla
FC Schalke 04;Junior Adamu;452477;Q58170823;ja;FC Liefering gegen Austria Lustenau (5. April 2019) 50.jpg;Werner100359;CC BY-SA 4.0;ja;https://creativecommons.org/licenses/by-sa/4.0;https://upload.wikimedia.org/wikipedia/commons/b/b8/FC_Liefering_gegen_Austria_Lustenau_%285._April_2019%29_50.jpg?utm_source=commons.wikimedia.org&utm_campaign=imageinfo&utm_content=original;Junior Adamu;;https://commons.wikimedia.org/wiki/Category:Junior_Adamu
FC Schalke 04;Edin Dzeko;28396;Q153786;ja;Edin Dzeko at Interview (2020) moreContrast.jpg;"Original:  Fudbal BiH
Derivative work:  FootyBystander";CC BY 3.0;ja;https://creativecommons.org/licenses/by/3.0;https://upload.wikimedia.org/wikipedia/commons/a/a3/Edin_Dzeko_at_Interview_%282020%29_moreContrast.jpg?utm_source=commons.wikimedia.org&utm_campaign=imageinfo&utm_content=original;Edin Džeko;35;https://commons.wikimedia.org/wiki/Category:Edin_D%C5%BEeko
FC Schalke 04;Bryan Lasme;477109;Q45162869;nein;;;;;;;;;
FC Schalke 04;Emil Højlund;802560;Q120802868;nein;;;;;;;;;
Hamburger SV;Sander Tangvik;549378;Q105754161;ja;Sander Tangvik Morocco v Norway 7 June 2026-46.jpg;Bryan Berlin;CC BY-SA 4.0;ja;https://creativecommons.org/licenses/by-sa/4.0;https://upload.wikimedia.org/wikipedia/commons/5/56/Sander_Tangvik_Morocco_v_Norway_7_June_2026-46.jpg?utm_source=commons.wikimedia.org&utm_campaign=imageinfo&utm_content=original;Sander Tangvik;2;https://commons.wikimedia.org/wiki/Category:Sander_Tangvik
Hamburger SV;Daniel Heuer Fernandes;84993;Q15120696;ja;2025-03-05 Daniel Heuer Fernandes HSV pic1.jpg;Lanthan2003;CC BY-SA 4.0;ja;https://creativecommons.org/licenses/by-sa/4.0;https://upload.wikimedia.org/wikipedia/commons/9/9e/2025-03-05_Daniel_Heuer_Fernandes_HSV_pic1.jpg?utm_source=commons.wikimedia.org&utm_campaign=imageinfo&utm_content=original;Daniel Heuer Fernandes;7;https://commons.wikimedia.org/wiki/Category:Daniel_Heuer_Fernandes
Hamburger SV;Fernando Dickes;1048715;Q135393114;nein;;;;;;;;;
Hamburger SV;Elias Lahti;1303450;Q141321229;nein;;;;;;;;;
Hamburger SV;Nicolás Capaldo;649672;Q60842498;ja;RB Salzburg gegen DAC Dunajská Streda (Testspiel 25. Juni 2021) 10.jpg;Werner100359;CC BY-SA 4.0;ja;https://creativecommons.org/licenses/by-sa/4.0;https://upload.wikimedia.org/wikipedia/commons/7/76/RB_Salzburg_gegen_DAC_Dunajsk%C3%A1_Streda_%28Testspiel_25._Juni_2021%29_10.jpg?utm_source=commons.wikimedia.org&utm_campaign=imageinfo&utm_content=original;Nicolas Capaldo;;https://commons.wikimedia.org/wiki/Category:Nicolas_Capaldo
Hamburger SV;Sebastiaan Bornauw;338629;Q55806994;ja;Sebastiaan Bornauw 2021.jpg;Werner100359;CC BY-SA 4.0;ja;https://creativecommons.org/licenses/by-sa/4.0;https://upload.wikimedia.org/wikipedia/commons/c/c2/Sebastiaan_Bornauw_2021.jpg?utm_source=commons.wikimedia.org&utm_campaign=imageinfo&utm_content=original;Sebastiaan Bornauw;6;https://commons.wikimedia.org/wiki/Category:Sebastiaan_Bornauw
Hamburger SV;Warmed Omari;711996;Q108105534;ja;Omari asse ol 2425.png;Paté kroute;CC0;nein;http://creativecommons.org/publicdomain/zero/1.0/deed.en;https://upload.wikimedia.org/wikipedia/commons/0/01/Omari_asse_ol_2425.png?utm_source=commons.wikimedia.org&utm_campaign=imageinfo&utm_content=original;Warmed Omari;3;https://commons.wikimedia.org/wiki/Category:Warmed_Omari
Hamburger SV;Jordan Torunarigha;227110;Q28653717;ja;Hertha BSC vs. West Ham United 20190731 (088) (cropped).jpg;--Steindy (talk) 15:50, 29 August 2019 (UTC);CC BY-SA 4.0;ja;https://creativecommons.org/licenses/by-sa/4.0;https://upload.wikimedia.org/wikipedia/commons/6/66/Hertha_BSC_vs._West_Ham_United_20190731_%28088%29_%28cropped%29.jpg?utm_source=commons.wikimedia.org&utm_campaign=imageinfo&utm_content=original;Jordan Torunarigha;13;https://commons.wikimedia.org/wiki/Category:Jordan_Torunarigha
Hamburger SV;Shafiq Nandja;1125079;Q138007104;nein;;;;;;;;;
Hamburger SV;Mario Vuskovic;432757;Q73400559;nein;;;;;;;;;
Hamburger SV;David Møller Wolfe;661427;Q101095985;ja;David Moller Wolfe France v Norway 26 June 26-017 (cropped).jpg;Bryan Berlin;CC BY-SA 4.0;ja;https://creativecommons.org/licenses/by-sa/4.0;https://upload.wikimedia.org/wikipedia/commons/9/99/David_Moller_Wolfe_France_v_Norway_26_June_26-017_%28cropped%29.jpg?utm_source=commons.wikimedia.org&utm_campaign=imageinfo&utm_content=original;David Møller Wolfe;46;https://commons.wikimedia.org/wiki/Category:David_M%C3%B8ller_Wolfe
Hamburger SV;Miro Muheim;298603;Q49167084;ja;2025-05-16 Hamburger SV Miro Muheim.jpg;Lanthan2003;CC BY-SA 4.0;ja;https://creativecommons.org/licenses/by-sa/4.0;https://upload.wikimedia.org/wikipedia/commons/2/24/2025-05-16_Hamburger_SV_Miro_Muheim.jpg?utm_source=commons.wikimedia.org&utm_campaign=imageinfo&utm_content=original;Miro Muheim;3;https://commons.wikimedia.org/wiki/Category:Miro_Muheim
Hamburger SV;Louis Lemke;1294853;Q138007069;nein;;;;;;;;;
Hamburger SV;Zakaria El Ouahdi;820474;Q108156269;ja;Zakaria El Ouahdi France v Morocco 9 July 2026-202.jpg;Bryan Berlin;CC BY-SA 4.0;ja;https://creativecommons.org/licenses/by-sa/4.0;https://upload.wikimedia.org/wikipedia/commons/6/61/Zakaria_El_Ouahdi_France_v_Morocco_9_July_2026-202.jpg?utm_source=commons.wikimedia.org&utm_campaign=imageinfo&utm_content=original;Zakaria El Ouahdi;8;https://commons.wikimedia.org/wiki/Category:Zakaria_El_Ouahdi
Hamburger SV;Nicolai Remberg;592534;Q118066704;ja;2025-03-05 Nicolai Remberg Holstein Kiel pic2.jpg;Lanthan2003;CC BY-SA 4.0;ja;https://creativecommons.org/licenses/by-sa/4.0;https://upload.wikimedia.org/wikipedia/commons/b/b8/2025-03-05_Nicolai_Remberg_Holstein_Kiel_pic2.jpg?utm_source=commons.wikimedia.org&utm_campaign=imageinfo&utm_content=original;;;https://commons.wikimedia.org/wiki/File:2025-03-05_Nicolai_Remberg_Holstein_Kiel_pic2.jpg
Hamburger SV;Kofi Amoako;814950;Q123913081;nein;;;;;;;;;
Hamburger SV;Albert Sambi Lokonga;381967;Q46694474;ja;Albert Sambi Lokonga Arsenal v Everton - 52222904853 (cropped).jpg;Maryland GovPics;CC BY 2.0;ja;https://creativecommons.org/licenses/by/2.0;https://upload.wikimedia.org/wikipedia/commons/c/c1/Albert_Sambi_Lokonga_Arsenal_v_Everton_-_52222904853_%28cropped%29.jpg?utm_source=commons.wikimedia.org&utm_campaign=imageinfo&utm_content=original;Albert Sambi Lokonga;2;https://commons.wikimedia.org/wiki/Category:Albert_Sambi_Lokonga
Hamburger SV;Bilal Nadir;659520;Q122809324;ja;Nadir asse om 2425.png;Paté kroute;CC0;nein;http://creativecommons.org/publicdomain/zero/1.0/deed.en;https://upload.wikimedia.org/wikipedia/commons/e/ef/Nadir_asse_om_2425.png?utm_source=commons.wikimedia.org&utm_campaign=imageinfo&utm_content=original;Bilal Nadir;1;https://commons.wikimedia.org/wiki/Category:Bilal_Nadir
Hamburger SV;Bakery Jatta;415194;Q24577799;ja;2025-05-16 Hamburger SV Bakery Jatta.jpg;Lanthan2003;CC BY-SA 4.0;ja;https://creativecommons.org/licenses/by-sa/4.0;https://upload.wikimedia.org/wikipedia/commons/4/41/2025-05-16_Hamburger_SV_Bakery_Jatta.jpg?utm_source=commons.wikimedia.org&utm_campaign=imageinfo&utm_content=original;Bakery Jatta;8;https://commons.wikimedia.org/wiki/Category:Bakery_Jatta
Hamburger SV;Fábio Vieira;537598;Q63032399;ja;2023 MLS All Star Game 2023-07-19 Fabio Vieira John Tolkin.jpg;David;CC BY 2.0;ja;https://creativecommons.org/licenses/by/2.0;https://upload.wikimedia.org/wikipedia/commons/1/1c/2023_MLS_All_Star_Game_2023-07-19_Fabio_Vieira_John_Tolkin.jpg?utm_source=commons.wikimedia.org&utm_campaign=imageinfo&utm_content=original;Fábio Vieira (footballer, born 2000);4;https://commons.wikimedia.org/wiki/Category:F%C3%A1bio_Vieira_%28footballer%2C_born_2000%29
Hamburger SV;Martin Adeline;814976;Q110243714;nein;;;;;;;;;
Hamburger SV;Albert Grønbaek;503866;Q98479427;nein;;;;;;;;;
Hamburger SV;Immanuel Pherai;412935;Q96192572;ja;2025-03-05 Immanuel Pherai HSV pic1.jpg;Lanthan2003;CC BY-SA 4.0;ja;https://creativecommons.org/licenses/by-sa/4.0;https://upload.wikimedia.org/wikipedia/commons/0/00/2025-03-05_Immanuel_Pherai_HSV_pic1.jpg?utm_source=commons.wikimedia.org&utm_campaign=imageinfo&utm_content=original;Immanuël Pherai;3;https://commons.wikimedia.org/wiki/Category:Immanu%C3%ABl_Pherai
Hamburger SV;Alexander Røssing-Lelesiit;1213681;Q130902510;ja;2025-03-10 Alexander Røssing-Lelesiit HSV 1.jpg;Lanthan2003;CC BY-SA 4.0;ja;https://creativecommons.org/licenses/by-sa/4.0;https://upload.wikimedia.org/wikipedia/commons/d/db/2025-03-10_Alexander_R%C3%B8ssing-Lelesiit_HSV_1.jpg?utm_source=commons.wikimedia.org&utm_campaign=imageinfo&utm_content=original;;;https://commons.wikimedia.org/wiki/File:2025-03-10_Alexander_R%C3%B8ssing-Lelesiit_HSV_1.jpg
Hamburger SV;Terem Moffi;538874;Q65261290;ja;Terem Moffi.jpg;Sese le Merlu;CC BY-SA 4.0;ja;https://creativecommons.org/licenses/by-sa/4.0;https://upload.wikimedia.org/wikipedia/commons/0/0d/Terem_Moffi.jpg?utm_source=commons.wikimedia.org&utm_campaign=imageinfo&utm_content=original;Terem Moffi;1;https://commons.wikimedia.org/wiki/Category:Terem_Moffi
Hamburger SV;Otto Stange;1058520;Q131090282;ja;2025-03-05 Otto Stange HSV pic1.jpg;Lanthan2003;CC BY-SA 4.0;ja;https://creativecommons.org/licenses/by-sa/4.0;https://upload.wikimedia.org/wikipedia/commons/8/80/2025-03-05_Otto_Stange_HSV_pic1.jpg?utm_source=commons.wikimedia.org&utm_campaign=imageinfo&utm_content=original;;;https://commons.wikimedia.org/wiki/File:2025-03-05_Otto_Stange_HSV_pic1.jpg
Hamburger SV;Patson Daka;365172;Q20810726;ja;FC RB Salzburg versus CSKA Sofia (Testspiel 3. Juli 2019) 18.jpg;Werner100359;CC BY-SA 4.0;ja;https://creativecommons.org/licenses/by-sa/4.0;https://upload.wikimedia.org/wikipedia/commons/7/75/FC_RB_Salzburg_versus_CSKA_Sofia_%28Testspiel_3._Juli_2019%29_18.jpg?utm_source=commons.wikimedia.org&utm_campaign=imageinfo&utm_content=original;Patson Daka;;https://commons.wikimedia.org/wiki/Category:Patson_Daka
Hamburger SV;Yussuf Poulsen;157635;Q759710;ja;Yussuf Poulsen (cropped).JPG;Christian Bier;CC BY-SA 4.0;ja;https://creativecommons.org/licenses/by-sa/4.0;https://upload.wikimedia.org/wikipedia/commons/e/e7/Yussuf_Poulsen_%28cropped%29.JPG?utm_source=commons.wikimedia.org&utm_campaign=imageinfo&utm_content=original;Yussuf Poulsen;55;https://commons.wikimedia.org/wiki/Category:Yussuf_Poulsen
RB Leipzig;Maarten Vandevoordt;486046;Q60791064;ja;Maarten Vandevoordt USMNT v Belgium Mar 28 2026-26 (cropped).jpg;Bryan Berlin;CC BY-SA 4.0;ja;https://creativecommons.org/licenses/by-sa/4.0;https://upload.wikimedia.org/wikipedia/commons/a/a8/Maarten_Vandevoordt_USMNT_v_Belgium_Mar_28_2026-26_%28cropped%29.jpg?utm_source=commons.wikimedia.org&utm_campaign=imageinfo&utm_content=original;Maarten Vandevoordt;5;https://commons.wikimedia.org/wiki/Category:Maarten_Vandevoordt
RB Leipzig;Ørjan Nyland;73517;Q869214;ja;Orjan Nyland France v Norway 26 June 26-023.jpg;Bryan Berlin;CC BY-SA 4.0;ja;https://creativecommons.org/licenses/by-sa/4.0;https://upload.wikimedia.org/wikipedia/commons/3/30/Orjan_Nyland_France_v_Norway_26_June_26-023.jpg?utm_source=commons.wikimedia.org&utm_campaign=imageinfo&utm_content=original;Ørjan Nyland;25;https://commons.wikimedia.org/wiki/Category:%C3%98rjan_Nyland
RB Leipzig;Leopold Zingerle;160971;Q18223974;nein;;;;;;;;;
RB Leipzig;Castello Lukeba;618472;Q106766554;ja;Castello Lukeba in 2022.png;ESTAC Troyes;CC BY-SA 3.0;ja;https://creativecommons.org/licenses/by-sa/3.0;https://upload.wikimedia.org/wikipedia/commons/4/4d/Castello_Lukeba_in_2022.png?utm_source=commons.wikimedia.org&utm_campaign=imageinfo&utm_content=original;Castello Lukeba;9;https://commons.wikimedia.org/wiki/Category:Castello_Lukeba
RB Leipzig;Maxime Estève;842341;Q108000822;ja;Maxime Esteve 2021.jpg;MHSC TV - Montpellier Hérault Sport Club;CC BY 3.0;ja;https://creativecommons.org/licenses/by/3.0;https://upload.wikimedia.org/wikipedia/commons/3/35/Maxime_Esteve_2021.jpg?utm_source=commons.wikimedia.org&utm_campaign=imageinfo&utm_content=original;Maxime Estève;67;https://commons.wikimedia.org/wiki/Category:Maxime_Est%C3%A8ve
RB Leipzig;Abdoul Koné;1130445;Q126811692;ja;Foire de chalons Foot Reims 1585898 (cropped).jpg;Gérald Garitan;CC BY-SA 4.0;ja;https://creativecommons.org/licenses/by-sa/4.0;https://upload.wikimedia.org/wikipedia/commons/4/4d/Foire_de_chalons_Foot_Reims_1585898_%28cropped%29.jpg?utm_source=commons.wikimedia.org&utm_campaign=imageinfo&utm_content=original;Abdoul Koné;2;https://commons.wikimedia.org/wiki/Category:Abdoul_Kon%C3%A9
RB Leipzig;Willi Orbán;93740;Q2577379;ja;Willi Orban am Trainingszentrum RB Leipzig am Cottaweg (cropped).png;Willibald11;CC BY-SA 4.0;ja;https://creativecommons.org/licenses/by-sa/4.0;https://upload.wikimedia.org/wikipedia/commons/8/8e/Willi_Orban_am_Trainingszentrum_RB_Leipzig_am_Cottaweg_%28cropped%29.png?utm_source=commons.wikimedia.org&utm_campaign=imageinfo&utm_content=original;Willi Orban;53;https://commons.wikimedia.org/wiki/Category:Willi_Orban
RB Leipzig;Lukas Klostermann;215599;Q16239602;ja;2019-06-11 Fußball, Männer, Länderspiel, Deutschland-Estland StP 2110 LR10 by Stepro.jpg;Steffen Prößdorf;CC BY-SA 4.0;ja;https://creativecommons.org/licenses/by-sa/4.0;https://upload.wikimedia.org/wikipedia/commons/f/ff/2019-06-11_Fu%C3%9Fball%2C_M%C3%A4nner%2C_L%C3%A4nderspiel%2C_Deutschland-Estland_StP_2110_LR10_by_Stepro.jpg?utm_source=commons.wikimedia.org&utm_campaign=imageinfo&utm_content=original;Lukas Klostermann;27;https://commons.wikimedia.org/wiki/Category:Lukas_Klostermann
RB Leipzig;David Raum;318204;Q28540571;ja;David Raum Ecuador v Germany 25 June 2026-117.jpg;Bryan Berlin;CC BY-SA 4.0;ja;https://creativecommons.org/licenses/by-sa/4.0;https://upload.wikimedia.org/wikipedia/commons/0/02/David_Raum_Ecuador_v_Germany_25_June_2026-117.jpg?utm_source=commons.wikimedia.org&utm_campaign=imageinfo&utm_content=original;David Raum;25;https://commons.wikimedia.org/wiki/Category:David_Raum
RB Leipzig;Max Finkgräfe;810649;Q121630775;nein;;;;;;;;;
RB Leipzig;Ridle Baku;327251;Q46126025;ja;XXIII Memorial Quinocho (RC Celta vs Mainz 05) - 70 (cropped).jpg;Harpagornis;CC BY-SA 4.0;ja;https://creativecommons.org/licenses/by-sa/4.0;https://upload.wikimedia.org/wikipedia/commons/c/c4/XXIII_Memorial_Quinocho_%28RC_Celta_vs_Mainz_05%29_-_70_%28cropped%29.jpg?utm_source=commons.wikimedia.org&utm_campaign=imageinfo&utm_content=original;Ridle Baku;20;https://commons.wikimedia.org/wiki/Category:Ridle_Baku
RB Leipzig;Benjamin Henrichs;202591;Q20992981;ja;Benjamin-Henrichs-2015-08.jpg;Fuguito;CC BY-SA 3.0;ja;https://creativecommons.org/licenses/by-sa/3.0;https://upload.wikimedia.org/wikipedia/commons/d/d6/Benjamin-Henrichs-2015-08.jpg?utm_source=commons.wikimedia.org&utm_campaign=imageinfo&utm_content=original;Benjamin Henrichs;26;https://commons.wikimedia.org/wiki/Category:Benjamin_Henrichs
RB Leipzig;Nicolas Seiwald;404950;Q64010197;ja;FC Liefering versus WSG Wattens (24. Mai 2019) 04.jpg;Werner100359;CC BY-SA 4.0;ja;https://creativecommons.org/licenses/by-sa/4.0;https://upload.wikimedia.org/wikipedia/commons/2/23/FC_Liefering_versus_WSG_Wattens_%2824._Mai_2019%29_04.jpg?utm_source=commons.wikimedia.org&utm_campaign=imageinfo&utm_content=original;Nicolas Seiwald;;https://commons.wikimedia.org/wiki/Category:Nicolas_Seiwald
RB Leipzig;Benno Kaltefleiter;1279157;Q140855105;nein;;;;;;;;;
RB Leipzig;Neil El Aynaoui;901019;Q107745867;ja;Neil El Aynaoui Neil El Aynaoui Morocco v Norway 7 June 2026-13 (cropped).jpg;Bryan Berlin;CC BY-SA 4.0;ja;https://creativecommons.org/licenses/by-sa/4.0;https://upload.wikimedia.org/wikipedia/commons/3/37/Neil_El_Aynaoui_Neil_El_Aynaoui_Morocco_v_Norway_7_June_2026-13_%28cropped%29.jpg?utm_source=commons.wikimedia.org&utm_campaign=imageinfo&utm_content=original;Neil El Aynaoui;42;https://commons.wikimedia.org/wiki/Category:Neil_El_Aynaoui
RB Leipzig;Assan Ouédraogo;897424;Q114825245;ja;Assan Ouedraogo Ecuador v Germany 25 June 2026-155 (cropped).jpg;Bryan Berlin;CC BY-SA 4.0;ja;https://creativecommons.org/licenses/by-sa/4.0;https://upload.wikimedia.org/wikipedia/commons/3/34/Assan_Ouedraogo_Ecuador_v_Germany_25_June_2026-155_%28cropped%29.jpg?utm_source=commons.wikimedia.org&utm_campaign=imageinfo&utm_content=original;;;https://commons.wikimedia.org/wiki/File:Assan_Ouedraogo_Ecuador_v_Germany_25_June_2026-155_%28cropped%29.jpg
RB Leipzig;Rocco Reitz;467434;Q98248124;nein;;;;;;;;;
RB Leipzig;Ezechiel Banzuzi;865682;Q110831293;nein;;;;;;;;;
RB Leipzig;Christoph Baumgartner;324278;Q55999670;ja;Austria national under-21 football team - Teamcamp October 2019 (60).jpg;--Steindy (talk) 18:47, 13 October 2019 (UTC);CC BY-SA 4.0;ja;https://creativecommons.org/licenses/by-sa/4.0;https://upload.wikimedia.org/wikipedia/commons/2/2c/Austria_national_under-21_football_team_-_Teamcamp_October_2019_%2860%29.jpg?utm_source=commons.wikimedia.org&utm_campaign=imageinfo&utm_content=original;Christoph Baumgartner;14;https://commons.wikimedia.org/wiki/Category:Christoph_Baumgartner
RB Leipzig;Brajan Gruda;700106;Q116432094;nein;;;;;;;;;
RB Leipzig;Andrija Maksimovic;952779;Q122260202;nein;;;;;;;;;
RB Leipzig;Viggo Gebel;1074526;Q129259791;nein;;;;;;;;;
RB Leipzig;Antonio Nusa;894914;Q107357509;ja;Antonio Nusa Morocco v Norway 7 June 2026-110 (cropped).jpg;Bryan Berlin;CC BY-SA 4.0;ja;https://creativecommons.org/licenses/by-sa/4.0;https://upload.wikimedia.org/wikipedia/commons/8/80/Antonio_Nusa_Morocco_v_Norway_7_June_2026-110_%28cropped%29.jpg?utm_source=commons.wikimedia.org&utm_campaign=imageinfo&utm_content=original;Antonio Nusa;56;https://commons.wikimedia.org/wiki/Category:Antonio_Nusa
RB Leipzig;Tidiam Gomis;955448;Q118611120;nein;;;;;;;;;
RB Leipzig;Johan Bakayoko;565424;Q102179077;ja;Johan Bakayoko (2024).jpg;S. Perquin;CC BY-SA 4.0;ja;https://creativecommons.org/licenses/by-sa/4.0;https://upload.wikimedia.org/wikipedia/commons/2/25/Johan_Bakayoko_%282024%29.jpg?utm_source=commons.wikimedia.org&utm_campaign=imageinfo&utm_content=original;Johan Bakayoko;5;https://commons.wikimedia.org/wiki/Category:Johan_Bakayoko
RB Leipzig;Rômulo;957874;Q110970778;ja;SÉRIE A - PALMEIRAS 0 X 2 ATHLETICO PARANAENSE - Rômulo (cropped).jpg;SOCCER DIGITAL;Public domain;nein;;https://upload.wikimedia.org/wikipedia/commons/e/e8/S%C3%89RIE_A_-_PALMEIRAS_0_X_2_ATHLETICO_PARANAENSE_-_R%C3%B4mulo_%28cropped%29.jpg?utm_source=commons.wikimedia.org&utm_campaign=imageinfo&utm_content=original;Rômulo Cardoso;10;https://commons.wikimedia.org/wiki/Category:R%C3%B4mulo_Cardoso
RB Leipzig;Christopher Nkunku;344381;Q21693199;ja;2022-07-30 Fußball, Männer, DFL-Supercup, RB Leipzig - FC Bayern München 1DX 3321 by Stepro (cropped).jpg;Steffen Prößdorf;CC BY-SA 4.0;ja;https://creativecommons.org/licenses/by-sa/4.0;https://upload.wikimedia.org/wikipedia/commons/9/98/2022-07-30_Fu%C3%9Fball%2C_M%C3%A4nner%2C_DFL-Supercup%2C_RB_Leipzig_-_FC_Bayern_M%C3%BCnchen_1DX_3321_by_Stepro_%28cropped%29.jpg?utm_source=commons.wikimedia.org&utm_campaign=imageinfo&utm_content=original;Christopher Nkunku;36;https://commons.wikimedia.org/wiki/Category:Christopher_Nkunku
RB Leipzig;Marc Guiu;938158;Q118472572;ja;Marc Guiu FIFA Club World Cup final extraction.jpg;The White House;Public domain;nein;;https://upload.wikimedia.org/wikipedia/commons/5/53/Marc_Guiu_FIFA_Club_World_Cup_final_extraction.jpg?utm_source=commons.wikimedia.org&utm_campaign=imageinfo&utm_content=original;Marc Guiu;13;https://commons.wikimedia.org/wiki/Category:Marc_Guiu
RB Leipzig;Samba Konaté;1380977;Q137204751;nein;;;;;;;;;
SC Freiburg;Mio Backhaus;620295;Q120763210;ja;Mio backhaus-1695107703 (cropped).jpeg;Stefan van Nierop;CC BY-SA 4.0;ja;https://creativecommons.org/licenses/by-sa/4.0;https://upload.wikimedia.org/wikipedia/commons/1/14/Mio_backhaus-1695107703_%28cropped%29.jpeg?utm_source=commons.wikimedia.org&utm_campaign=imageinfo&utm_content=original;Mio Backhaus;2;https://commons.wikimedia.org/wiki/Category:Mio_Backhaus
SC Freiburg;Florian Müller;284769;Q24061542;ja;Florian Müller.jpg;Jeollo;CC BY 3.0;ja;https://creativecommons.org/licenses/by/3.0;https://upload.wikimedia.org/wikipedia/commons/2/26/Florian_M%C3%BCller.jpg?utm_source=commons.wikimedia.org&utm_campaign=imageinfo&utm_content=original;Florian Müller (footballer, born 1997);3;https://commons.wikimedia.org/wiki/Category:Florian_M%C3%BCller_%28footballer%2C_born_1997%29
SC Freiburg;Jannik Huth;160954;Q18626179;ja;20161011 U21 AUT GER 9329.jpg;Ailura;CC BY-SA 3.0 at;ja;https://creativecommons.org/licenses/by-sa/3.0/at/deed.en;https://upload.wikimedia.org/wikipedia/commons/3/3d/20161011_U21_AUT_GER_9329.jpg?utm_source=commons.wikimedia.org&utm_campaign=imageinfo&utm_content=original;Jannik Huth;1;https://commons.wikimedia.org/wiki/Category:Jannik_Huth
SC Freiburg;Bruno Ogbus;863759;Q123505973;nein;;;;;;;;;
SC Freiburg;Philipp Lienhart;225657;Q20078774;ja;Austria national under-21 football team - Teamcamp June 2017 (057).jpg;Steindy (talk) 10:36, 30 June 2017 (UTC);CC BY-SA 4.0;ja;https://creativecommons.org/licenses/by-sa/4.0;https://upload.wikimedia.org/wikipedia/commons/4/4c/Austria_national_under-21_football_team_-_Teamcamp_June_2017_%28057%29.jpg?utm_source=commons.wikimedia.org&utm_campaign=imageinfo&utm_content=original;Philipp Lienhart;;https://commons.wikimedia.org/wiki/Category:Philipp_Lienhart
SC Freiburg;Max Rosenfelder;599419;Q107723629;nein;;;;;;;;;
SC Freiburg;Matthias Ginter;124502;Q129109;ja;Matthias Ginter 2019.jpg;Steffen Prößdorf;CC BY-SA 4.0;ja;https://creativecommons.org/licenses/by-sa/4.0;https://upload.wikimedia.org/wikipedia/commons/2/2e/Matthias_Ginter_2019.jpg?utm_source=commons.wikimedia.org&utm_campaign=imageinfo&utm_content=original;Matthias Ginter;81;https://commons.wikimedia.org/wiki/Category:Matthias_Ginter
SC Freiburg;Anthony Jung;58995;Q573461;ja;Anthony Jung.JPG;Christian Bier;CC BY-SA 4.0;ja;https://creativecommons.org/licenses/by-sa/4.0;https://upload.wikimedia.org/wikipedia/commons/b/b4/Anthony_Jung.JPG?utm_source=commons.wikimedia.org&utm_campaign=imageinfo&utm_content=original;Anthony Jung (footballer);1;https://commons.wikimedia.org/wiki/Category:Anthony_Jung_%28footballer%29
SC Freiburg;Berkay Yılmaz;907087;Q123510066;nein;;;;;;;;;
SC Freiburg;Jordy Makengo;815078;Q107723702;ja;MakengoFreiburg2023.jpg;ANCHE LEAGUE;CC BY-SA 4.0;ja;https://creativecommons.org/licenses/by-sa/4.0;https://upload.wikimedia.org/wikipedia/commons/4/4a/MakengoFreiburg2023.jpg?utm_source=commons.wikimedia.org&utm_campaign=imageinfo&utm_content=original;Jordy Makengo;1;https://commons.wikimedia.org/wiki/Category:Jordy_Makengo
SC Freiburg;Christian Günter;93707;Q2668870;ja;Christian Günter (2025 - 1).jpg;James Steakley;CC BY 4.0;ja;https://creativecommons.org/licenses/by/4.0;https://upload.wikimedia.org/wikipedia/commons/0/0d/Christian_G%C3%BCnter_%282025_-_1%29.jpg?utm_source=commons.wikimedia.org&utm_campaign=imageinfo&utm_content=original;Christian Günter;6;https://commons.wikimedia.org/wiki/Category:Christian_G%C3%BCnter
SC Freiburg;Philipp Treu;335993;Q108114740;ja;2025-04-23 - FC St Pauli - Philipp Treu.jpg;Lanthan2003;CC BY-SA 4.0;ja;https://creativecommons.org/licenses/by-sa/4.0;https://upload.wikimedia.org/wikipedia/commons/f/fc/2025-04-23_-_FC_St_Pauli_-_Philipp_Treu.jpg?utm_source=commons.wikimedia.org&utm_campaign=imageinfo&utm_content=original;;;https://commons.wikimedia.org/wiki/File:2025-04-23_-_FC_St_Pauli_-_Philipp_Treu.jpg
SC Freiburg;Lukas Kübler;93604;Q4419904;nein;;;;;;;;;
SC Freiburg;Patrick Osterhage;443331;Q66432974;nein;;;;;;;;;
SC Freiburg;Yannik Engelhardt;405670;Q66725015;nein;;;;;;;;;
SC Freiburg;Rihito Yamamoto;432403;Q60990665;ja;;;;;;;Rihito Yamamoto;2;https://commons.wikimedia.org/wiki/Category:Rihito_Yamamoto
SC Freiburg;Maximilian Eggestein;190284;Q18580880;ja;Eggestein, Maximilian Werder 17-18 WP.jpg;Northside;CC BY-SA 3.0;ja;https://creativecommons.org/licenses/by-sa/3.0;https://upload.wikimedia.org/wikipedia/commons/e/e6/Eggestein%2C_Maximilian_Werder_17-18_WP.jpg?utm_source=commons.wikimedia.org&utm_campaign=imageinfo&utm_content=original;Maximilian Eggestein;2;https://commons.wikimedia.org/wiki/Category:Maximilian_Eggestein
SC Freiburg;Rouven Tarnutzer;1159439;Q140685196;nein;;;;;;;;;
SC Freiburg;Derry Scherhant;820957;Q113532157;nein;;;;;;;;;
SC Freiburg;Vincenzo Grifo;185077;Q1756602;nein;;;;;;;;;
SC Freiburg;Florent Muslija;337036;Q30006877;ja;Florent Muslija.jpg;Carolus requiescat;CC BY-SA 4.0;ja;https://creativecommons.org/licenses/by-sa/4.0;https://upload.wikimedia.org/wikipedia/commons/0/0f/Florent_Muslija.jpg?utm_source=commons.wikimedia.org&utm_campaign=imageinfo&utm_content=original;;;https://commons.wikimedia.org/wiki/File:Florent_Muslija.jpg
SC Freiburg;Niklas Beste;342967;Q36391177;nein;;;;;;;;;
SC Freiburg;Cyriaque Irié;1145064;Q133808438;nein;;;;;;;;;
SC Freiburg;Yuito Suzuki;668606;Q85884126;ja;Suzuki buteur.jpg;Hugob67;CC BY-SA 4.0;ja;https://creativecommons.org/licenses/by-sa/4.0;https://upload.wikimedia.org/wikipedia/commons/9/91/Suzuki_buteur.jpg?utm_source=commons.wikimedia.org&utm_campaign=imageinfo&utm_content=original;Yuito Suzuki;4;https://commons.wikimedia.org/wiki/Category:Yuito_Suzuki
SC Freiburg;Igor Matanovic;605268;Q102399064;ja;Igor Matanovic Croatia v Portugal 2 July 2026-016.jpg;Bryan Berlin;CC BY-SA 4.0;ja;https://creativecommons.org/licenses/by-sa/4.0;https://upload.wikimedia.org/wikipedia/commons/e/e7/Igor_Matanovic_Croatia_v_Portugal_2_July_2026-016.jpg?utm_source=commons.wikimedia.org&utm_campaign=imageinfo&utm_content=original;;;https://commons.wikimedia.org/wiki/File:Igor_Matanovic_Croatia_v_Portugal_2_July_2026-016.jpg
SC Freiburg;Keisuke Goto;916623;Q114736627;nein;;;;;;;;;
SC Freiburg;Lucas Höler;248999;Q20871889;ja;Lucas Höler (2019 - 2).jpg;James Steakley;CC BY-SA 4.0;ja;https://creativecommons.org/licenses/by-sa/4.0;https://upload.wikimedia.org/wikipedia/commons/1/13/Lucas_H%C3%B6ler_%282019_-_2%29.jpg?utm_source=commons.wikimedia.org&utm_campaign=imageinfo&utm_content=original;Lucas Höler;3;https://commons.wikimedia.org/wiki/Category:Lucas_H%C3%B6ler
SC Paderborn 07;Nahuel Noll;600942;Q106948093;nein;;;;;;;;;
SC Paderborn 07;Markus Schubert;296741;Q21588109;ja;2017-08-11 TuS Koblenz vs. SG Dynamo Dresden (DFB-Pokal) by Sandro Halank–154.jpg;Sandro Halank, Wikimedia Commons;CC BY-SA 3.0;ja;https://creativecommons.org/licenses/by-sa/3.0;https://upload.wikimedia.org/wikipedia/commons/d/db/2017-08-11_TuS_Koblenz_vs._SG_Dynamo_Dresden_%28DFB-Pokal%29_by_Sandro_Halank%E2%80%93154.jpg?utm_source=commons.wikimedia.org&utm_campaign=imageinfo&utm_content=original;Markus Schubert;16;https://commons.wikimedia.org/wiki/Category:Markus_Schubert
SC Paderborn 07;Florian Pruhs;930013;Q140855115;nein;;;;;;;;;
SC Paderborn 07;Mattes Hansen;694132;Q124261341;nein;;;;;;;;;
SC Paderborn 07;Tjark Scheller;509650;Q124822821;nein;;;;;;;;;
SC Paderborn 07;Felix Götze;330635;Q19201325;nein;;;;;;;;;
SC Paderborn 07;Jano ter Horst;606113;Q123999664;nein;;;;;;;;;
SC Paderborn 07;Marcel Hoffmeier;570152;Q76445964;nein;;;;;;;;;
SC Paderborn 07;Jonah Sticker;698843;Q123532613;nein;;;;;;;;;
SC Paderborn 07;Nyamekye Awortwie-Grant;521331;Q135913910;nein;;;;;;;;;
SC Paderborn 07;Tristan Zobel;798091;Q136684193;nein;;;;;;;;;
SC Paderborn 07;Ruben Müller;907085;Q139990258;nein;;;;;;;;;
SC Paderborn 07;Santiago Castañeda;1005509;Q122899456;nein;;;;;;;;;
SC Paderborn 07;Tom Baack;331637;Q57017552;nein;;;;;;;;;
SC Paderborn 07;Laurin Ulrich;717465;Q115190702;nein;;;;;;;;;
SC Paderborn 07;Sebastian Klaas;378424;Q29917040;nein;;;;;;;;;
SC Paderborn 07;Luka Duric;685484;Q135703925;nein;;;;;;;;;
SC Paderborn 07;Timur Gayret;421323;Q114943700;nein;;;;;;;;;
SC Paderborn 07;Laurin Curda;516978;Q124260635;nein;;;;;;;;;
SC Paderborn 07;Clemens Lippmann;1148887;Q140855112;nein;;;;;;;;;
SC Paderborn 07;Raphael Obermair;330699;Q51828125;ja;2022-04-24 Fußball, Männer, 3. Liga, 1. FC Magdeburg - FSV Zwickau 1DX 8376 by Stepro.jpg;Steffen Prößdorf;CC BY-SA 4.0;ja;https://creativecommons.org/licenses/by-sa/4.0;https://upload.wikimedia.org/wikipedia/commons/0/09/2022-04-24_Fu%C3%9Fball%2C_M%C3%A4nner%2C_3._Liga%2C_1._FC_Magdeburg_-_FSV_Zwickau_1DX_8376_by_Stepro.jpg?utm_source=commons.wikimedia.org&utm_campaign=imageinfo&utm_content=original;Raphael Obermair;2;https://commons.wikimedia.org/wiki/Category:Raphael_Obermair
SC Paderborn 07;Niklas Mohr;949389;Q140696853;nein;;;;;;;;;
SC Paderborn 07;Deniz Zeitler;1108022;Q123651623;nein;;;;;;;;;
SC Paderborn 07;Gabriel Vidovic;604327;Q110611871;nein;;;;;;;;;
SC Paderborn 07;Oliver Batista Meier;406614;Q65683252;ja;Oliver Batista-Meier 2019.jpg;Sven Mandel;CC BY-SA 4.0;ja;https://creativecommons.org/licenses/by-sa/4.0;https://upload.wikimedia.org/wikipedia/commons/5/52/Oliver_Batista-Meier_2019.jpg?utm_source=commons.wikimedia.org&utm_campaign=imageinfo&utm_content=original;Oliver Batista-Meier;28;https://commons.wikimedia.org/wiki/Category:Oliver_Batista-Meier
SC Paderborn 07;Albert Millgramm;814986;Q140685654;nein;;;;;;;;;
SC Paderborn 07;Rayan Philippe;694507;Q67157835;ja;Lens - Dijon (15-08-2020) 17.jpg;Supporterhéninois;CC0;nein;http://creativecommons.org/publicdomain/zero/1.0/deed.en;https://upload.wikimedia.org/wikipedia/commons/d/d2/Lens_-_Dijon_%2815-08-2020%29_17.jpg?utm_source=commons.wikimedia.org&utm_campaign=imageinfo&utm_content=original;Rayan Philippe;2;https://commons.wikimedia.org/wiki/Category:Rayan_Philippe
SC Paderborn 07;Sven Michel;186988;Q15731783;ja;2022-04-20 Fußball, Männer, DFB-Pokal, RB Leipzig - 1. FC Union Berlin 1DX 8312 by Stepro (cropped).jpg;crop by Er surgi;CC BY-SA 4.0;ja;https://creativecommons.org/licenses/by-sa/4.0;https://upload.wikimedia.org/wikipedia/commons/a/a9/2022-04-20_Fu%C3%9Fball%2C_M%C3%A4nner%2C_DFB-Pokal%2C_RB_Leipzig_-_1._FC_Union_Berlin_1DX_8312_by_Stepro_%28cropped%29.jpg?utm_source=commons.wikimedia.org&utm_campaign=imageinfo&utm_content=original;Sven Michel (footballer);9;https://commons.wikimedia.org/wiki/Category:Sven_Michel_%28footballer%29
SC Paderborn 07;Marvin Pieringer;471055;Q104696207;nein;;;;;;;;;
SC Paderborn 07;Stefano Marino;829267;Q112843278;nein;;;;;;;;;
SC Paderborn 07;Steffen Tigges;296879;Q24061870;ja;Tigges, Steffen Osnabrück 15-16 WP (cropped).jpg;Northside;CC BY-SA 3.0;ja;https://creativecommons.org/licenses/by-sa/3.0;https://upload.wikimedia.org/wikipedia/commons/9/91/Tigges%2C_Steffen_Osnabr%C3%BCck_15-16_WP_%28cropped%29.jpg?utm_source=commons.wikimedia.org&utm_campaign=imageinfo&utm_content=original;Steffen Tigges;2;https://commons.wikimedia.org/wiki/Category:Steffen_Tigges
SC Paderborn 07;Lasse Eickel;1299403;Q140855119;nein;;;;;;;;;
SV Elversberg;Nicolas Kristof;349465;Q113226875;nein;;;;;;;;;
SV Elversberg;Tim Boss;85534;Q21191141;ja;2019-07-17 SG Dynamo Dresden vs. Paris Saint-Germain by Sandro Halank–149.jpg;Sandro Halank, Wikimedia Commons;CC BY-SA 4.0;ja;https://creativecommons.org/licenses/by-sa/4.0;https://upload.wikimedia.org/wikipedia/commons/8/82/2019-07-17_SG_Dynamo_Dresden_vs._Paris_Saint-Germain_by_Sandro_Halank%E2%80%93149.jpg?utm_source=commons.wikimedia.org&utm_campaign=imageinfo&utm_content=original;Tim Boss;28;https://commons.wikimedia.org/wiki/Category:Tim_Boss
SV Elversberg;Frank Lehmann;44536;Q1443647;nein;;;;;;;;;
SV Elversberg;Elias Etringer;1159486;Q140855139;nein;;;;;;;;;
SV Elversberg;Lukas Pinckert;448259;Q107642880;ja;2022-05-21 VSG Altglienicke gegen FC Viktoria 1889 Berlin (Finale AOK-Landespokal Berlin 2021-22) by Sandro Halank–211.jpg;Sandro Halank, Wikimedia Commons;CC BY-SA 4.0;ja;https://creativecommons.org/licenses/by-sa/4.0;https://upload.wikimedia.org/wikipedia/commons/b/b3/2022-05-21_VSG_Altglienicke_gegen_FC_Viktoria_1889_Berlin_%28Finale_AOK-Landespokal_Berlin_2021-22%29_by_Sandro_Halank%E2%80%93211.jpg?utm_source=commons.wikimedia.org&utm_campaign=imageinfo&utm_content=original;Lukas Pinckert;26;https://commons.wikimedia.org/wiki/Category:Lukas_Pinckert
SV Elversberg;Luca Sirch;521928;Q107035469;ja;2021-05-29 1. FC Lokomotive Leipzig gegen Chemnitzer FC (Finale Wernesgrüner Sachsenpokal 2020-21) by Sandro Halank–040.jpg;Sandro Halank, Wikimedia Commons;CC BY-SA 4.0;ja;https://creativecommons.org/licenses/by-sa/4.0;https://upload.wikimedia.org/wikipedia/commons/b/b5/2021-05-29_1._FC_Lokomotive_Leipzig_gegen_Chemnitzer_FC_%28Finale_Wernesgr%C3%BCner_Sachsenpokal_2020-21%29_by_Sandro_Halank%E2%80%93040.jpg?utm_source=commons.wikimedia.org&utm_campaign=imageinfo&utm_content=original;Luca Sirch;35;https://commons.wikimedia.org/wiki/Category:Luca_Sirch
SV Elversberg;Maximilian Rohr;440386;Q66125888;nein;;;;;;;;;
SV Elversberg;Florian Le Joncour;352332;Q20991472;ja;SM Caen B - Stade rennais B 20150913 - Florian Le Joncour.JPG;S. Plaine;CC BY-SA 4.0;ja;https://creativecommons.org/licenses/by-sa/4.0;https://upload.wikimedia.org/wikipedia/commons/5/55/SM_Caen_B_-_Stade_rennais_B_20150913_-_Florian_Le_Joncour.JPG?utm_source=commons.wikimedia.org&utm_campaign=imageinfo&utm_content=original;Florian Le Joncour;4;https://commons.wikimedia.org/wiki/Category:Florian_Le_Joncour
SV Elversberg;Luis Seifert;806007;Q140855129;nein;;;;;;;;;
SV Elversberg;Lasse Günther;522245;Q106451287;nein;;;;;;;;;
SV Elversberg;Nicholas Mickelson;430034;Q31080531;ja;Nicholas Mickelson in match with Japan in 2024.jpeg;RuinDig/Yuki Uchida;CC BY 4.0;ja;https://creativecommons.org/licenses/by/4.0;https://upload.wikimedia.org/wikipedia/commons/2/28/Nicholas_Mickelson_in_match_with_Japan_in_2024.jpeg?utm_source=commons.wikimedia.org&utm_campaign=imageinfo&utm_content=original;Nicholas Mickelson;14;https://commons.wikimedia.org/wiki/Category:Nicholas_Mickelson
SV Elversberg;Jan Gyamerah;192840;Q15729468;nein;;;;;;;;;
SV Elversberg;Lukasz Poreba;532169;Q61910842;ja;Łukasz Poręba, RC Lens 2023 (cropped).jpg;Supporterhéninois;CC0;nein;http://creativecommons.org/publicdomain/zero/1.0/deed.en;https://upload.wikimedia.org/wikipedia/commons/3/37/%C5%81ukasz_Por%C4%99ba%2C_RC_Lens_2023_%28cropped%29.jpg?utm_source=commons.wikimedia.org&utm_campaign=imageinfo&utm_content=original;Łukasz Poręba;5;https://commons.wikimedia.org/wiki/Category:%C5%81ukasz_Por%C4%99ba
SV Elversberg;Felix Keidel;815322;Q116687736;nein;;;;;;;;;
SV Elversberg;Amara Condé;207580;Q26211996;ja;2022-04-24 Fußball, Männer, 3. Liga, 1. FC Magdeburg - FSV Zwickau 1DX 8484 by Stepro.jpg;Steffen Prößdorf;CC BY-SA 4.0;ja;https://creativecommons.org/licenses/by-sa/4.0;https://upload.wikimedia.org/wikipedia/commons/1/1d/2022-04-24_Fu%C3%9Fball%2C_M%C3%A4nner%2C_3._Liga%2C_1._FC_Magdeburg_-_FSV_Zwickau_1DX_8484_by_Stepro.jpg?utm_source=commons.wikimedia.org&utm_campaign=imageinfo&utm_content=original;Amara Condé;3;https://commons.wikimedia.org/wiki/Category:Amara_Cond%C3%A9
SV Elversberg;Frederik Schmahl;604756;Q130390911;ja;Frederik Schmahl 2025.jpg;Quew3Pat;CC BY-SA 4.0;ja;https://creativecommons.org/licenses/by-sa/4.0;https://upload.wikimedia.org/wikipedia/commons/5/56/Frederik_Schmahl_2025.jpg?utm_source=commons.wikimedia.org&utm_campaign=imageinfo&utm_content=original;;;https://commons.wikimedia.org/wiki/File:Frederik_Schmahl_2025.jpg
SV Elversberg;Francis Onyeka;929943;Q130729966;nein;;;;;;;;;
SV Elversberg;Noah Darvich;897480;Q118465124;nein;;;;;;;;;
SV Elversberg;Maurice Krattenmacher;829316;Q124150768;nein;;;;;;;;;
SV Elversberg;Tom Zimmerschied;337097;Q99244389;nein;;;;;;;;;
SV Elversberg;Cole Campbell;866579;Q116725515;nein;;;;;;;;;
SV Elversberg;Lukas Petkov;401639;Q106938641;ja;Lukas Petkov.jpg;Biso;CC BY-SA 4.0;ja;https://creativecommons.org/licenses/by-sa/4.0;https://upload.wikimedia.org/wikipedia/commons/8/83/Lukas_Petkov.jpg?utm_source=commons.wikimedia.org&utm_campaign=imageinfo&utm_content=original;;;https://commons.wikimedia.org/wiki/File:Lukas_Petkov.jpg
SV Elversberg;Raif Adam;910538;Q140559114;nein;;;;;;;;;
SV Elversberg;Noel Futkeu;675535;Q124757622;ja;Noel Futkeu Jan 2026.jpg;Kasa Fue;CC BY-SA 4.0;ja;https://creativecommons.org/licenses/by-sa/4.0;https://upload.wikimedia.org/wikipedia/commons/b/b9/Noel_Futkeu_Jan_2026.jpg?utm_source=commons.wikimedia.org&utm_campaign=imageinfo&utm_content=original;;;https://commons.wikimedia.org/wiki/File:Noel_Futkeu_Jan_2026.jpg
SV Elversberg;David Mokwa;974894;Q117266388;nein;;;;;;;;;
SV Elversberg;Luca Pfeiffer;232463;Q56434183;ja;Luca pfeiffer.jpg;Jeollo von VfB-exklusiv.de;CC BY 4.0;ja;https://creativecommons.org/licenses/by/4.0;https://upload.wikimedia.org/wikipedia/commons/2/27/Luca_pfeiffer.jpg?utm_source=commons.wikimedia.org&utm_campaign=imageinfo&utm_content=original;;;https://commons.wikimedia.org/wiki/File:Luca_pfeiffer.jpg
SV Elversberg;Luca Schnellbacher;229991;Q14776663;nein;;;;;;;;;
SV Werder Bremen;Karl Hein;493513;Q98918607;ja;RC Lens - Arsenal FC (03-10-2023) 6.jpg;Supporterhéninois;CC0;nein;http://creativecommons.org/publicdomain/zero/1.0/deed.en;https://upload.wikimedia.org/wikipedia/commons/b/b7/RC_Lens_-_Arsenal_FC_%2803-10-2023%29_6.jpg?utm_source=commons.wikimedia.org&utm_campaign=imageinfo&utm_content=original;Karl Jakob Hein;3;https://commons.wikimedia.org/wiki/Category:Karl_Jakob_Hein
SV Werder Bremen;Alexander Schlager;186374;Q20745286;ja;Floridsdorfer AC 2016–17 – Alexander Schlager (01).jpg;Steindy (talk) 19:48, 13 July 2016 (UTC);CC BY-SA 3.0;ja;https://creativecommons.org/licenses/by-sa/3.0;https://upload.wikimedia.org/wikipedia/commons/0/0f/Floridsdorfer_AC_2016%E2%80%9317_%E2%80%93_Alexander_Schlager_%2801%29.jpg?utm_source=commons.wikimedia.org&utm_campaign=imageinfo&utm_content=original;Alexander Schlager;;https://commons.wikimedia.org/wiki/Category:Alexander_Schlager
SV Werder Bremen;Markus Kolke;99451;Q15834084;nein;;;;;;;;;
SV Werder Bremen;Stefan Smarkalev;1025989;Q134442870;nein;;;;;;;;;
SV Werder Bremen;Marco Friedl;156990;Q28692516;ja;Austria national under-21 football team - Teamcamp June 2017 (053).jpg;Steindy (talk) 10:36, 30 June 2017 (UTC);CC BY-SA 4.0;ja;https://creativecommons.org/licenses/by-sa/4.0;https://upload.wikimedia.org/wikipedia/commons/e/e1/Austria_national_under-21_football_team_-_Teamcamp_June_2017_%28053%29.jpg?utm_source=commons.wikimedia.org&utm_campaign=imageinfo&utm_content=original;Marco Friedl;27;https://commons.wikimedia.org/wiki/Category:Marco_Friedl
SV Werder Bremen;Oskar Wójcik;821350;Q135811091;nein;;;;;;;;;
SV Werder Bremen;Amos Pieper;334221;Q61640976;nein;;;;;;;;;
SV Werder Bremen;Niklas Stark;162434;Q3341549;ja;Hertha BSC vs. West Ham United 20190731 (029).jpg;--Steindy (talk) 15:35, 29 August 2019 (UTC);CC BY-SA 4.0;ja;https://creativecommons.org/licenses/by-sa/4.0;https://upload.wikimedia.org/wikipedia/commons/e/e2/Hertha_BSC_vs._West_Ham_United_20190731_%28029%29.jpg?utm_source=commons.wikimedia.org&utm_campaign=imageinfo&utm_content=original;Niklas Stark;47;https://commons.wikimedia.org/wiki/Category:Niklas_Stark
SV Werder Bremen;Mick Schmetgens;1045986;Q135393092;nein;;;;;;;;;
SV Werder Bremen;Felix Agu;393512;Q52357690;ja;FelixAgu.jpg;Silesia711;CC BY-SA 4.0;ja;https://creativecommons.org/licenses/by-sa/4.0;https://upload.wikimedia.org/wikipedia/commons/7/70/FelixAgu.jpg?utm_source=commons.wikimedia.org&utm_campaign=imageinfo&utm_content=original;;;https://commons.wikimedia.org/wiki/File:FelixAgu.jpg
SV Werder Bremen;Moussa Ndiaye;649022;Q64433049;ja;Moussa Ndiaye en 2019.jpg;Abdoulaye GUEYE99;CC BY-SA 4.0;ja;https://creativecommons.org/licenses/by-sa/4.0;https://upload.wikimedia.org/wikipedia/commons/4/48/Moussa_Ndiaye_en_2019.jpg?utm_source=commons.wikimedia.org&utm_campaign=imageinfo&utm_content=original;;;https://commons.wikimedia.org/wiki/File:Moussa_Ndiaye_en_2019.jpg
SV Werder Bremen;Olivier Deman;621802;Q69496466;nein;;;;;;;;;
SV Werder Bremen;Arthur;977464;Q112182604;ja;Arthur-2025.jpg;Fuguito;CC BY-SA 4.0;ja;https://creativecommons.org/licenses/by-sa/4.0;https://upload.wikimedia.org/wikipedia/commons/8/82/Arthur-2025.jpg?utm_source=commons.wikimedia.org&utm_campaign=imageinfo&utm_content=original;;;https://commons.wikimedia.org/wiki/File:Arthur-2025.jpg
SV Werder Bremen;Mitchell Weiser;119211;Q694852;ja;Mitchell-Weiser-2018-08-19.jpg;Fuguito;CC BY-SA 3.0;ja;https://creativecommons.org/licenses/by-sa/3.0;https://upload.wikimedia.org/wikipedia/commons/0/04/Mitchell-Weiser-2018-08-19.jpg?utm_source=commons.wikimedia.org&utm_campaign=imageinfo&utm_content=original;Mitchell Weiser;16;https://commons.wikimedia.org/wiki/Category:Mitchell_Weiser
SV Werder Bremen;Senne Lynen;338668;Q48291946;ja;RC Lens - Union-Saint-Gilloise (05-08-2020) 11.jpg;Supporterhéninois;CC0;nein;http://creativecommons.org/publicdomain/zero/1.0/deed.en;https://upload.wikimedia.org/wikipedia/commons/4/42/RC_Lens_-_Union-Saint-Gilloise_%2805-08-2020%29_11.jpg?utm_source=commons.wikimedia.org&utm_campaign=imageinfo&utm_content=original;Senne Lynen;3;https://commons.wikimedia.org/wiki/Category:Senne_Lynen
SV Werder Bremen;Youri Regeer;559324;Q86072107;ja;Youri regeer-crop.jpg;Hans Reefman;CC BY-SA 4.0;ja;https://creativecommons.org/licenses/by-sa/4.0;https://upload.wikimedia.org/wikipedia/commons/7/7a/Youri_regeer-crop.jpg?utm_source=commons.wikimedia.org&utm_campaign=imageinfo&utm_content=original;Youri Regeer;19;https://commons.wikimedia.org/wiki/Category:Youri_Regeer
SV Werder Bremen;Skelly Alvero;855134;Q114842149;nein;;;;;;;;;
SV Werder Bremen;Dariusz Stalmach;826795;Q110890452;nein;;;;;;;;;
SV Werder Bremen;Jens Stage;289835;Q24901052;nein;;;;;;;;;
SV Werder Bremen;Ludovit Reis;490884;Q41779982;ja;2025-03-05 Ludovit Reis HSV pic2.jpg;Lanthan2003;CC BY-SA 4.0;ja;https://creativecommons.org/licenses/by-sa/4.0;https://upload.wikimedia.org/wikipedia/commons/2/23/2025-03-05_Ludovit_Reis_HSV_pic2.jpg?utm_source=commons.wikimedia.org&utm_campaign=imageinfo&utm_content=original;Ludovit Reis;9;https://commons.wikimedia.org/wiki/Category:Ludovit_Reis
SV Werder Bremen;Chuki;926763;Q130223651;nein;;;;;;;;;
SV Werder Bremen;Darwin Soylu;1071244;Q140855158;nein;;;;;;;;;
SV Werder Bremen;Marco Grüll;391766;Q61869848;ja;Austria national under-21 football team - Teamcamp October 2019 (31).jpg;--Steindy (talk) 18:31, 13 October 2019 (UTC);CC BY-SA 4.0;ja;https://creativecommons.org/licenses/by-sa/4.0;https://upload.wikimedia.org/wikipedia/commons/9/95/Austria_national_under-21_football_team_-_Teamcamp_October_2019_%2831%29.jpg?utm_source=commons.wikimedia.org&utm_campaign=imageinfo&utm_content=original;Marco Grüll;21;https://commons.wikimedia.org/wiki/Category:Marco_Gr%C3%BCll
SV Werder Bremen;Eren Dinkçi;645774;Q98169045;ja;ErenDinkci.jpg;Silesia711;CC BY-SA 4.0;ja;https://creativecommons.org/licenses/by-sa/4.0;https://upload.wikimedia.org/wikipedia/commons/7/7a/ErenDinkci.jpg?utm_source=commons.wikimedia.org&utm_campaign=imageinfo&utm_content=original;Eren Dinkçi;2;https://commons.wikimedia.org/wiki/Category:Eren_Dink%C3%A7i
SV Werder Bremen;Justin Njinmah;596153;Q110610689;ja;2022-11-11 Borussia Dortund II gegen FC Erzgebirge Aue (3. Liga 2022-23) by Sandro Halank–073.jpg;Sandro Halank, Wikimedia Commons;CC BY-SA 4.0;ja;https://creativecommons.org/licenses/by-sa/4.0;https://upload.wikimedia.org/wikipedia/commons/d/d8/2022-11-11_Borussia_Dortund_II_gegen_FC_Erzgebirge_Aue_%283._Liga_2022-23%29_by_Sandro_Halank%E2%80%93073.jpg?utm_source=commons.wikimedia.org&utm_campaign=imageinfo&utm_content=original;Justin Njinmah;5;https://commons.wikimedia.org/wiki/Category:Justin_Njinmah
SV Werder Bremen;Paul Erevbenagie;1080555;Q140855166;nein;;;;;;;;;
SV Werder Bremen;Niclas Füllkrug;75489;Q326159;ja;NiclasFüllkrug (cropped).jpg;Silesia711;CC BY-SA 4.0;ja;https://creativecommons.org/licenses/by-sa/4.0;https://upload.wikimedia.org/wikipedia/commons/b/b8/NiclasF%C3%BCllkrug_%28cropped%29.jpg?utm_source=commons.wikimedia.org&utm_campaign=imageinfo&utm_content=original;Niclas Füllkrug;3;https://commons.wikimedia.org/wiki/Category:Niclas_F%C3%BCllkrug
SV Werder Bremen;Keke Topp;701757;Q109925006;nein;;;;;;;;;
SV Werder Bremen;Kenny Quetant;1178695;Q137970998;nein;;;;;;;;;
SV Werder Bremen;Salim Musah;1042472;Q135393007;nein;;;;;;;;;
SV Werder Bremen;Cedric Itten;243856;Q22965497;ja;YB ist zum 17. Mal in der Klubgeschichte Schweizer Meister! (Cedric Itten).jpg;Pierre.berendes;CC BY-SA 4.0;ja;https://creativecommons.org/licenses/by-sa/4.0;https://upload.wikimedia.org/wikipedia/commons/3/32/YB_ist_zum_17._Mal_in_der_Klubgeschichte_Schweizer_Meister%21_%28Cedric_Itten%29.jpg?utm_source=commons.wikimedia.org&utm_campaign=imageinfo&utm_content=original;;;https://commons.wikimedia.org/wiki/File:YB_ist_zum_17._Mal_in_der_Klubgeschichte_Schweizer_Meister%21_%28Cedric_Itten%29.jpg
SV Werder Bremen;Dawid Kownacki;208167;Q15983214;ja;Dawid Kownacki.JPG;Roger Gor;CC BY 3.0;ja;https://creativecommons.org/licenses/by/3.0;https://upload.wikimedia.org/wikipedia/commons/9/98/Dawid_Kownacki.JPG?utm_source=commons.wikimedia.org&utm_campaign=imageinfo&utm_content=original;Dawid Kownacki;10;https://commons.wikimedia.org/wiki/Category:Dawid_Kownacki
TSG Hoffenheim;Oliver Baumann;55089;Q129116;ja;Oliver Baumann Ecuador v Germany 25 June 2026-066.jpg;Bryan Berlin;CC BY-SA 4.0;ja;https://creativecommons.org/licenses/by-sa/4.0;https://upload.wikimedia.org/wikipedia/commons/f/f2/Oliver_Baumann_Ecuador_v_Germany_25_June_2026-066.jpg?utm_source=commons.wikimedia.org&utm_campaign=imageinfo&utm_content=original;Oliver Baumann;7;https://commons.wikimedia.org/wiki/Category:Oliver_Baumann
TSG Hoffenheim;Luca Philipp;432671;Q98106393;ja;;;;;;;Luca Philipp;1;https://commons.wikimedia.org/wiki/Category:Luca_Philipp
TSG Hoffenheim;Lúkas Petersson;718460;Q124670649;nein;;;;;;;;;
TSG Hoffenheim;Albian Hajdari;579459;Q99694316;nein;;;;;;;;;
TSG Hoffenheim;Ozan Kabak;361260;Q53280628;ja;Ozan kabak.jpg;Jeollo von VfB-exklusiv.de;CC BY 3.0;ja;https://creativecommons.org/licenses/by/3.0;https://upload.wikimedia.org/wikipedia/commons/6/6a/Ozan_kabak.jpg?utm_source=commons.wikimedia.org&utm_campaign=imageinfo&utm_content=original;Ozan Kabak;9;https://commons.wikimedia.org/wiki/Category:Ozan_Kabak
TSG Hoffenheim;Robin Hranac;620217;Q107647351;ja;;;;;;;Robin Hranáč;1;https://commons.wikimedia.org/wiki/Category:Robin_Hran%C3%A1%C4%8D
TSG Hoffenheim;Koki Machida;415035;Q22910803;ja;Koki Machida USG 2024.jpg;Sidney.Cortez;CC BY-SA 4.0;ja;https://creativecommons.org/licenses/by-sa/4.0;https://upload.wikimedia.org/wikipedia/commons/d/d5/Koki_Machida_USG_2024.jpg?utm_source=commons.wikimedia.org&utm_campaign=imageinfo&utm_content=original;Kōki Machida;7;https://commons.wikimedia.org/wiki/Category:K%C5%8Dki_Machida
TSG Hoffenheim;Sean Dulic;907277;Q131983290;nein;;;;;;;;;
TSG Hoffenheim;Mats Rots;983677;Q121746385;ja;Mats Rots.JPG;Hans Reefman;CC BY-SA 4.0;ja;https://creativecommons.org/licenses/by-sa/4.0;https://upload.wikimedia.org/wikipedia/commons/f/fc/Mats_Rots.JPG?utm_source=commons.wikimedia.org&utm_campaign=imageinfo&utm_content=original;Mats Rots;2;https://commons.wikimedia.org/wiki/Category:Mats_Rots
TSG Hoffenheim;Bernardo;364258;Q22675674;ja;Testspiel FC Red Bull Salzburg gegen FK Mlada Boleslav 18.JPG;Werner100359;CC BY-SA 4.0;ja;https://creativecommons.org/licenses/by-sa/4.0;https://upload.wikimedia.org/wikipedia/commons/d/d9/Testspiel_FC_Red_Bull_Salzburg_gegen_FK_Mlada_Boleslav_18.JPG?utm_source=commons.wikimedia.org&utm_campaign=imageinfo&utm_content=original;Bernardo Fernandes da Silva Junior;;https://commons.wikimedia.org/wiki/Category:Bernardo_Fernandes_da_Silva_Junior
TSG Hoffenheim;Valentin Gendrey;569387;Q60050172;nein;;;;;;;;;
TSG Hoffenheim;Vladimír Coufal;157672;Q15113326;ja;Vladimír Coufal, CZE-KUW 2021-11-11.jpg;Tadeáš Bednarz;CC BY-SA 4.0;ja;https://creativecommons.org/licenses/by-sa/4.0;https://upload.wikimedia.org/wikipedia/commons/4/4c/Vladim%C3%ADr_Coufal%2C_CZE-KUW_2021-11-11.jpg?utm_source=commons.wikimedia.org&utm_campaign=imageinfo&utm_content=original;Vladimír Coufal;42;https://commons.wikimedia.org/wiki/Category:Vladim%C3%ADr_Coufal
TSG Hoffenheim;Natnael Abraha;1075143;Q140855102;nein;;;;;;;;;
TSG Hoffenheim;Leon Avdullahu;667457;Q123575103;nein;;;;;;;;;
TSG Hoffenheim;Wouter Burger;412953;Q53998229;nein;;;;;;;;;
TSG Hoffenheim;Cajetan Lenz;1047136;Q135678341;nein;;;;;;;;;
TSG Hoffenheim;Luis Engelns;1116191;Q135875446;nein;;;;;;;;;
TSG Hoffenheim;Nathan De Cat;1105541;Q124416502;ja;Nathan De Cat USMNT v Belgium Mar 28 2026-18 (cropped).jpg;Bryan Berlin;CC BY-SA 4.0;ja;https://creativecommons.org/licenses/by-sa/4.0;https://upload.wikimedia.org/wikipedia/commons/a/ae/Nathan_De_Cat_USMNT_v_Belgium_Mar_28_2026-18_%28cropped%29.jpg?utm_source=commons.wikimedia.org&utm_campaign=imageinfo&utm_content=original;;;https://commons.wikimedia.org/wiki/File:Nathan_De_Cat_USMNT_v_Belgium_Mar_28_2026-18_%28cropped%29.jpg
TSG Hoffenheim;Alexander Prass;434116;Q62006510;ja;FC Liefering gegen FC Juniors OÖ. (19. April 2019) 34.jpg;Werner100359;CC BY-SA 4.0;ja;https://creativecommons.org/licenses/by-sa/4.0;https://upload.wikimedia.org/wikipedia/commons/f/f5/FC_Liefering_gegen_FC_Juniors_O%C3%96._%2819._April_2019%29_34.jpg?utm_source=commons.wikimedia.org&utm_campaign=imageinfo&utm_content=original;Alexander Prass;;https://commons.wikimedia.org/wiki/Category:Alexander_Prass
TSG Hoffenheim;Bambasé Conté;574193;Q123409527;nein;;;;;;;;;
TSG Hoffenheim;Patrick Wimmer;533295;Q65948837;ja;UEFA Euro 2023 Qualifiers Austria vs. Finland (2022-06-03) 29.jpg;Werner100359;CC BY-SA 4.0;ja;https://creativecommons.org/licenses/by-sa/4.0;https://upload.wikimedia.org/wikipedia/commons/5/5f/UEFA_Euro_2023_Qualifiers_Austria_vs._Finland_%282022-06-03%29_29.jpg?utm_source=commons.wikimedia.org&utm_campaign=imageinfo&utm_content=original;Patrick Wimmer;;https://commons.wikimedia.org/wiki/Category:Patrick_Wimmer
TSG Hoffenheim;Adam Daghim;881297;Q112970825;ja;FC Liefering gegen SV Stripfing (2023-09-15) 05.jpg;Werner100359;CC BY-SA 4.0;ja;https://creativecommons.org/licenses/by-sa/4.0;https://upload.wikimedia.org/wikipedia/commons/f/f7/FC_Liefering_gegen_SV_Stripfing_%282023-09-15%29_05.jpg?utm_source=commons.wikimedia.org&utm_campaign=imageinfo&utm_content=original;Adam Daghim;;https://commons.wikimedia.org/wiki/Category:Adam_Daghim
TSG Hoffenheim;Andrej Kramaric;46580;Q502898;ja;Andrej Kramaric Croatia v Portugal 2 July 2026-014.jpg;Bryan Berlin;CC BY-SA 4.0;ja;https://creativecommons.org/licenses/by-sa/4.0;https://upload.wikimedia.org/wikipedia/commons/7/73/Andrej_Kramaric_Croatia_v_Portugal_2_July_2026-014.jpg?utm_source=commons.wikimedia.org&utm_campaign=imageinfo&utm_content=original;Andrej Kramarić;13;https://commons.wikimedia.org/wiki/Category:Andrej_Kramari%C4%87
TSG Hoffenheim;Fisnik Asllani;524290;Q109653419;ja;Fisnik Asllani (cropped).jpg;Artur Kraus;CC BY-SA 4.0;ja;https://creativecommons.org/licenses/by-sa/4.0;https://upload.wikimedia.org/wikipedia/commons/1/19/Fisnik_Asllani_%28cropped%29.jpg?utm_source=commons.wikimedia.org&utm_campaign=imageinfo&utm_content=original;Fisnik Asllani;8;https://commons.wikimedia.org/wiki/Category:Fisnik_Asllani
TSG Hoffenheim;Tim Lemperle;553285;Q96678433;ja;2021-08-08 FC Carl Zeiss Jena gegen 1. FC Köln (DFB-Pokal) by Sandro Halank–100.jpg;Sandro Halank, Wikimedia Commons;CC BY-SA 4.0;ja;https://creativecommons.org/licenses/by-sa/4.0;https://upload.wikimedia.org/wikipedia/commons/5/5e/2021-08-08_FC_Carl_Zeiss_Jena_gegen_1._FC_K%C3%B6ln_%28DFB-Pokal%29_by_Sandro_Halank%E2%80%93100.jpg?utm_source=commons.wikimedia.org&utm_campaign=imageinfo&utm_content=original;Tim Lemperle;12;https://commons.wikimedia.org/wiki/Category:Tim_Lemperle
TSG Hoffenheim;Adam Hlozek;552057;Q59782306;ja;Adam Hložek, 2022-07-31, Saisoneröffnung Bayer 04, Leverkusen (2) (cropped).jpg;Pyaet;CC BY-SA 4.0;ja;https://creativecommons.org/licenses/by-sa/4.0;https://upload.wikimedia.org/wikipedia/commons/2/25/Adam_Hlo%C5%BEek%2C_2022-07-31%2C_Saisoner%C3%B6ffnung_Bayer_04%2C_Leverkusen_%282%29_%28cropped%29.jpg?utm_source=commons.wikimedia.org&utm_campaign=imageinfo&utm_content=original;Adam Hložek;12;https://commons.wikimedia.org/wiki/Category:Adam_Hlo%C5%BEek
TSG Hoffenheim;Max Moerstedt;923595;Q113510031;nein;;;;;;;;;
VfB Stuttgart;Dennis Seimen;800946;Q114825196;ja;Dennis Seimen (2024).jpg;FriederRöcklerII;CC0;nein;http://creativecommons.org/publicdomain/zero/1.0/deed.en;https://upload.wikimedia.org/wikipedia/commons/2/23/Dennis_Seimen_%282024%29.jpg?utm_source=commons.wikimedia.org&utm_campaign=imageinfo&utm_content=original;;;https://commons.wikimedia.org/wiki/File:Dennis_Seimen_%282024%29.jpg
VfB Stuttgart;Fabian Bredlow;187624;Q16519559;ja;FC Liefering vs.FC Wacker Innsbruck (3.Oktober 2014) 17.JPG;Werner100359;CC BY-SA 4.0;ja;https://creativecommons.org/licenses/by-sa/4.0;https://upload.wikimedia.org/wikipedia/commons/4/4d/FC_Liefering_vs.FC_Wacker_Innsbruck_%283.Oktober_2014%29_17.JPG?utm_source=commons.wikimedia.org&utm_campaign=imageinfo&utm_content=original;Fabian Bredlow;;https://commons.wikimedia.org/wiki/Category:Fabian_Bredlow
VfB Stuttgart;Marius Funk;170517;Q20743348;ja;Marius funk.jpg;Jeollo von http://www.vfb-exklusiv.de;CC BY-SA 3.0;ja;https://creativecommons.org/licenses/by-sa/3.0;https://upload.wikimedia.org/wikipedia/commons/d/db/Marius_funk.jpg?utm_source=commons.wikimedia.org&utm_campaign=imageinfo&utm_content=original;;;https://commons.wikimedia.org/wiki/File:Marius_funk.jpg
VfB Stuttgart;Stefan Drljaca;388067;Q104520730;nein;;;;;;;;;
VfB Stuttgart;Finn Jeltsch;924117;Q118859259;nein;;;;;;;;;
VfB Stuttgart;Ramon Hendriks;436064;Q56306162;ja;FC Red Bull Salzburg versus Feyenoord Rotterdam (Testspiel 12. Juli 2019) 20 (cropped).jpg;Werner100359;CC BY-SA 4.0;ja;https://creativecommons.org/licenses/by-sa/4.0;https://upload.wikimedia.org/wikipedia/commons/d/dc/FC_Red_Bull_Salzburg_versus_Feyenoord_Rotterdam_%28Testspiel_12._Juli_2019%29_20_%28cropped%29.jpg?utm_source=commons.wikimedia.org&utm_campaign=imageinfo&utm_content=original;Ramon Hendriks;9;https://commons.wikimedia.org/wiki/Category:Ramon_Hendriks
VfB Stuttgart;Jeff Chabot;303219;Q39082971;ja;Jeff Chabot (2018).jpg;Victor van Werkhooven;CC BY 3.0;ja;https://creativecommons.org/licenses/by/3.0;https://upload.wikimedia.org/wikipedia/commons/4/45/Jeff_Chabot_%282018%29.jpg?utm_source=commons.wikimedia.org&utm_campaign=imageinfo&utm_content=original;Jeff Chabot;2;https://commons.wikimedia.org/wiki/Category:Jeff_Chabot
VfB Stuttgart;Luca Jaquez;539798;Q122160785;nein;;;;;;;;;
VfB Stuttgart;Ameen Al-Dakhil;620598;Q98546080;nein;;;;;;;;;
VfB Stuttgart;Dan-Axel Zagadou;344598;Q30131952;ja;Dan zagadou1.jpg;Jeollo von VfB-exklusiv.de;CC BY 4.0;ja;https://creativecommons.org/licenses/by/4.0;https://upload.wikimedia.org/wikipedia/commons/9/9c/Dan_zagadou1.jpg?utm_source=commons.wikimedia.org&utm_campaign=imageinfo&utm_content=original;Dan-Axel Zagadou;12;https://commons.wikimedia.org/wiki/Category:Dan-Axel_Zagadou
VfB Stuttgart;Maximilian Mittelstädt;282660;Q22998602;ja;Maxi mittelstaedt.jpg;Jeollo von VfB-exklusiv.de;CC BY 4.0;ja;https://creativecommons.org/licenses/by/4.0;https://upload.wikimedia.org/wikipedia/commons/5/52/Maxi_mittelstaedt.jpg?utm_source=commons.wikimedia.org&utm_campaign=imageinfo&utm_content=original;Maximilian Mittelstädt;8;https://commons.wikimedia.org/wiki/Category:Maximilian_Mittelst%C3%A4dt
VfB Stuttgart;Josha Vagnoman;448258;Q50384596;ja;Josha vagnoman.jpg;Jeollo von VfB-exklusiv.de;CC BY 3.0;ja;https://creativecommons.org/licenses/by/3.0;https://upload.wikimedia.org/wikipedia/commons/4/45/Josha_vagnoman.jpg?utm_source=commons.wikimedia.org&utm_campaign=imageinfo&utm_content=original;;;https://commons.wikimedia.org/wiki/File:Josha_vagnoman.jpg
VfB Stuttgart;Lorenz Assignon;711969;Q108199499;ja;Assignon asse srfc 2425.png;Paté kroute;CC0;nein;http://creativecommons.org/publicdomain/zero/1.0/deed.en;https://upload.wikimedia.org/wikipedia/commons/a/ac/Assignon_asse_srfc_2425.png?utm_source=commons.wikimedia.org&utm_campaign=imageinfo&utm_content=original;Lorenz Assignon;2;https://commons.wikimedia.org/wiki/Category:Lorenz_Assignon
VfB Stuttgart;Leonidas Stergiou;507345;Q64009619;nein;;;;;;;;;
VfB Stuttgart;Angelo Stiller;443710;Q68676722;ja;Angelo Stiller Ecuador v Germany 25 June 2026-233 (cropped).jpg;Bryan Berlin;CC BY-SA 4.0;ja;https://creativecommons.org/licenses/by-sa/4.0;https://upload.wikimedia.org/wikipedia/commons/1/17/Angelo_Stiller_Ecuador_v_Germany_25_June_2026-233_%28cropped%29.jpg?utm_source=commons.wikimedia.org&utm_campaign=imageinfo&utm_content=original;Angelo Stiller;9;https://commons.wikimedia.org/wiki/Category:Angelo_Stiller
VfB Stuttgart;Atakan Karazor;232320;Q47487632;ja;Atakan karazor.jpg;Jeollo von VfB-exklusiv.de;CC BY 3.0;ja;https://creativecommons.org/licenses/by/3.0;https://upload.wikimedia.org/wikipedia/commons/3/3a/Atakan_karazor.jpg?utm_source=commons.wikimedia.org&utm_campaign=imageinfo&utm_content=original;Atakan Karazor;1;https://commons.wikimedia.org/wiki/Category:Atakan_Karazor
VfB Stuttgart;Nikolas Nartey;400546;Q43780652;ja;Nikolas Nartey 2018 1. FC Köln (cropped).jpg;dronepicr;CC BY 2.0;ja;https://creativecommons.org/licenses/by/2.0;https://upload.wikimedia.org/wikipedia/commons/4/43/Nikolas_Nartey_2018_1._FC_K%C3%B6ln_%28cropped%29.jpg?utm_source=commons.wikimedia.org&utm_campaign=imageinfo&utm_content=original;Nikolas Nartey;5;https://commons.wikimedia.org/wiki/Category:Nikolas_Nartey
VfB Stuttgart;Grischa Prömel;234029;Q20436216;ja;Grischa Prömel - Rio 2016.jpg;Fernando Frazão/Agência Brasil;CC BY 3.0 br;ja;https://creativecommons.org/licenses/by/3.0/br/deed.en;https://upload.wikimedia.org/wikipedia/commons/f/fe/Grischa_Pr%C3%B6mel_-_Rio_2016.jpg?utm_source=commons.wikimedia.org&utm_campaign=imageinfo&utm_content=original;Grischa Prömel;10;https://commons.wikimedia.org/wiki/Category:Grischa_Pr%C3%B6mel
VfB Stuttgart;Ertugrul Yigit;1297520;Q140855156;nein;;;;;;;;;
VfB Stuttgart;Yanik Spalt;960462;Q136384878;nein;;;;;;;;;
VfB Stuttgart;Bilal El Khannouss;654982;Q105955374;ja;Bilal El Khannouss France v Morocco 9 July 2026-006.jpg;Bryan Berlin;CC BY-SA 4.0;ja;https://creativecommons.org/licenses/by-sa/4.0;https://upload.wikimedia.org/wikipedia/commons/5/5d/Bilal_El_Khannouss_France_v_Morocco_9_July_2026-006.jpg?utm_source=commons.wikimedia.org&utm_campaign=imageinfo&utm_content=original;Bilal El Khannouss;23;https://commons.wikimedia.org/wiki/Category:Bilal_El_Khannouss
VfB Stuttgart;Jarzinho Malanga;1031774;Q118611564;nein;;;;;;;;;
VfB Stuttgart;Chris Führich;272278;Q45369082;ja;Chris fuehrich.jpg;Jeollo von VfB-exklusiv.de;CC BY 3.0;ja;https://creativecommons.org/licenses/by/3.0;https://upload.wikimedia.org/wikipedia/commons/d/d9/Chris_fuehrich.jpg?utm_source=commons.wikimedia.org&utm_campaign=imageinfo&utm_content=original;Chris Führich;4;https://commons.wikimedia.org/wiki/Category:Chris_F%C3%BChrich
VfB Stuttgart;Leo Sauer;710886;Q118515513;ja;Leo Sauer 2024 (cropped).jpg;Lukas Raich;CC BY 4.0;ja;https://creativecommons.org/licenses/by/4.0;https://upload.wikimedia.org/wikipedia/commons/6/62/Leo_Sauer_2024_%28cropped%29.jpg?utm_source=commons.wikimedia.org&utm_campaign=imageinfo&utm_content=original;Leo Sauer;;https://commons.wikimedia.org/wiki/Category:Leo_Sauer
VfB Stuttgart;Justin Diehl;720162;Q116294228;nein;;;;;;;;;
VfB Stuttgart;Jamie Leweling;518505;Q65964628;ja;Jamie Leweling Ecuador v Germany 25 June 2026-162.jpg;Bryan Berlin;CC BY-SA 4.0;ja;https://creativecommons.org/licenses/by-sa/4.0;https://upload.wikimedia.org/wikipedia/commons/6/62/Jamie_Leweling_Ecuador_v_Germany_25_June_2026-162.jpg?utm_source=commons.wikimedia.org&utm_campaign=imageinfo&utm_content=original;;;https://commons.wikimedia.org/wiki/File:Jamie_Leweling_Ecuador_v_Germany_25_June_2026-162.jpg
VfB Stuttgart;Tiago Tomás;616344;Q96793422;ja;Tiago tomas.jpg;Jeollo von VfB-exklusiv.de;CC BY 3.0;ja;https://creativecommons.org/licenses/by/3.0;https://upload.wikimedia.org/wikipedia/commons/c/c6/Tiago_tomas.jpg?utm_source=commons.wikimedia.org&utm_campaign=imageinfo&utm_content=original;Tiago Tomás;3;https://commons.wikimedia.org/wiki/Category:Tiago_Tom%C3%A1s
VfB Stuttgart;Ermedin Demirovic;335457;Q47067481;nein;;;;;;;;;
VfB Stuttgart;Deniz Undav;339314;Q55955918;ja;Deniz Undav Ecuador v Germany 25 June 2026-203.jpg;Bryan Berlin;CC BY-SA 4.0;ja;https://creativecommons.org/licenses/by-sa/4.0;https://upload.wikimedia.org/wikipedia/commons/2/28/Deniz_Undav_Ecuador_v_Germany_25_June_2026-203.jpg?utm_source=commons.wikimedia.org&utm_campaign=imageinfo&utm_content=original;Deniz Undav;20;https://commons.wikimedia.org/wiki/Category:Deniz_Undav
VfB Stuttgart;Dzenan Pejcinovic;819636;Q114868096;nein;;;;;;;;;
